timestamp,Q_sub1,Q_sub2,Q_ch4,Q_gas,pH,VFA,TAC,T_digester
2024-01-01 00:00:00,15.0,10.0,817.9020133071779,4670.810139307835,7.070336585602451,0.06349174613050952,6.306343507545353,308.63412279618564
2024-01-01 01:00:00,15.0,10.0,730.0591142304266,3577.571494912803,7.238609541415352,0.04937082862313375,6.37739903969459,309.3589027680582
2024-01-01 02:00:00,15.0,10.0,732.6008859893603,2950.7498552879924,6.997782472866811,0.050968639514493604,6.351983051325885,307.4552383238909
2024-01-01 03:00:00,15.0,10.0,742.9108764695591,2846.782967410009,7.4138548711792,0.054811959599961435,6.392076633692252,308.8790854037395
2024-01-01 04:00:00,15.0,10.0,722.0798433609843,2814.715029290144,7.193559412232116,0.06144369385357816,6.241330805675232,308.185067759183
2024-01-01 05:00:00,15.0,10.0,760.1141767873747,2920.6898677154104,7.263903125130588,0.06998957701523609,6.272113787194592,308.55305010840004
2024-01-01 06:00:00,15.0,10.0,814.3710755487369,2840.678064479945,7.565827891698473,0.08066641787840334,6.291256220019775,307.32611142944774
2024-01-01 07:00:00,15.0,10.0,839.3767155749958,2862.994066732538,7.456353503799894,0.08183409448931996,6.238897187573929,308.88404091133265
2024-01-01 08:00:00,15.0,10.0,876.1083351664993,2754.3111918768495,7.199487488273893,0.0918711577363811,6.16597151634519,308.5432583756659
2024-01-01 09:00:00,15.0,10.0,891.1290624905542,2756.078561331611,7.164554513402969,0.100602603866649,6.168398777058805,308.13054498260686
2024-01-01 10:00:00,15.0,10.0,951.3499744962788,2845.766283338282,7.209606938367021,0.10864016349562056,6.10278563488061,308.47255634383055
2024-01-01 11:00:00,15.0,10.0,976.1204748186079,2825.238971538822,7.3367799787691865,0.11664314891263099,6.251211919776614,307.76725234947884
2024-01-01 12:00:00,15.0,10.0,986.6616932627834,2854.2618708905243,7.2528592391655895,0.12714840266244187,6.182135063538804,307.8602799572091
2024-01-01 13:00:00,15.0,10.0,1030.2635243532275,2813.77405329596,7.215692181787618,0.1332909064417457,6.106650779382178,307.9182776931873
2024-01-01 14:00:00,15.0,10.0,1037.4603044074613,2840.9274271105123,7.491384525988675,0.1462743597979072,6.101884860837414,307.22363606915485
2024-01-01 15:00:00,15.0,10.0,1028.422575157614,2834.7268512345267,7.2654676230925475,0.1541205490616656,6.02935450697019,308.5808792471017
2024-01-01 16:00:00,15.0,10.0,1071.2105851787894,2870.0980046973373,7.621134182437666,0.1641510155769698,6.295037152633474,308.74579680709127
2024-01-01 17:00:00,15.0,10.0,1058.1959945322262,2871.894059704737,7.302888706508329,0.17290564510189585,6.179184148407687,307.79932792511806
2024-01-01 18:00:00,15.0,10.0,1112.308416027053,2734.679512445265,7.553402804347085,0.1818613306833803,6.058502297889354,308.3241015079724
2024-01-01 19:00:00,15.0,10.0,1105.047786161556,2699.0397195530463,7.34821482086838,0.18675300053362923,6.259984916807217,308.01722976268536
2024-01-01 20:00:00,15.0,10.0,1114.019096193797,2882.359934395071,7.439488236526214,0.20488970833550907,6.086928800599857,308.3141369810405
2024-01-01 21:00:00,15.0,10.0,1113.8367144733643,2892.440981594351,7.195730999374103,0.20582699293131407,5.978533208159684,307.83621137939446
2024-01-01 22:00:00,15.0,10.0,1167.2949559579558,2767.1532356562984,7.179267133550297,0.2051587402997385,6.272861181718343,307.7082874219562
2024-01-01 23:00:00,15.0,10.0,1145.3478888155676,2719.1709429271905,7.373422032641875,0.21680041891147783,6.077127480219498,308.67603744301186
2024-01-02 00:00:00,15.0,10.0,1147.7651952432575,2829.153899178327,7.452847726127188,0.22129738087898845,6.088803950822626,308.1180647074377
2024-01-02 01:00:00,15.0,10.0,1157.6429247063445,2875.3909754959004,7.31620348854883,0.2373030798957423,6.140034727063993,309.16105447542674
2024-01-02 02:00:00,15.0,10.0,1185.964169843435,2923.5210195005934,7.124026572417614,0.24446164661080677,6.271140843397596,308.173154982397
2024-01-02 03:00:00,15.0,10.0,1189.2161725290985,2850.3703854929013,7.114895365267468,0.2504206353907957,6.129624639739154,307.68696097982473
2024-01-02 04:00:00,15.0,10.0,1197.0488066433709,2799.4042269721604,7.106677799754056,0.27088244292234437,5.97652837518783,308.76347043821795
2024-01-02 05:00:00,15.0,10.0,1203.7789750223083,2769.104476415755,7.05832188654144,0.27085928016331146,6.1862382386511765,308.46540008207296
2024-01-02 06:00:00,15.0,10.0,1250.736502909891,2819.1755194889142,7.334445826499279,0.2793110857692984,6.05671329749686,308.51343643184816
2024-01-02 07:00:00,15.0,10.0,1195.0937250260495,2800.699449552172,7.484465402792016,0.277332142730582,6.343277051176916,308.7453003394339
2024-01-02 08:00:00,15.0,10.0,1197.6965717825833,2759.3914554533617,7.3190687786464945,0.283971410359598,6.108857691324245,307.8236018530771
2024-01-02 09:00:00,15.0,10.0,1195.2343731578599,2930.92654256087,6.991207429083981,0.29703319314232146,5.832658425576508,308.08637334550735
2024-01-02 10:00:00,15.0,10.0,1234.6824544463398,2915.0162952816927,7.295429324825305,0.30480493150339477,6.145855591614121,308.06427508425605
2024-01-02 11:00:00,15.0,10.0,1251.6959953362975,2877.4087203641493,7.30059885302618,0.299049290397463,6.3361701357903675,307.50462673154215
2024-01-02 12:00:00,15.0,10.0,1225.4310210722463,2760.6320656998037,7.632553690875773,0.31614959617474214,6.287894329322418,308.01820492492084
2024-01-02 13:00:00,15.0,10.0,1211.4871288835543,2859.4418000513047,7.112929800794005,0.32398775461922463,6.315734694215883,308.81818972893836
2024-01-02 14:00:00,15.0,10.0,1215.5776472669222,2846.2509552047713,7.270114962824416,0.328968007467096,5.965358152687156,308.2686690518969
2024-01-02 15:00:00,15.0,10.0,1255.6719763757383,2834.097181663024,7.5782671461517666,0.3312959161013845,6.197584187673086,307.4769693360775
2024-01-02 16:00:00,15.0,10.0,1261.436680334291,2878.3529913316283,7.395047503548692,0.3393509090886006,5.995753612604018,307.3720802941675
2024-01-02 17:00:00,15.0,10.0,1259.7580060574219,2842.777977416966,7.412470787081364,0.34799065886294,6.1079905597102755,308.98238802937414
2024-01-02 18:00:00,15.0,10.0,1232.705840781689,2847.5836457065443,7.347455201321987,0.3559412257422023,5.923149268948465,308.1048404948724
2024-01-02 19:00:00,15.0,10.0,1258.1282256775282,2840.7395986450415,7.379765826823402,0.3656345294016464,5.996813965800584,307.8262948971492
2024-01-02 20:00:00,15.0,10.0,1258.0946872767627,2823.087774291166,7.446116336831203,0.37507034999549693,5.990274640358873,308.0130041175515
2024-01-02 21:00:00,15.0,10.0,1263.4009826287574,2702.9694130076373,7.214040308679285,0.3707103273759717,6.1788251005819435,307.41134612284134
2024-01-02 22:00:00,15.0,10.0,1282.4914703246993,2806.6391346343635,7.462179544952149,0.37512769108070876,6.164301754835548,308.8615475747558
2024-01-02 23:00:00,15.0,10.0,1268.690241028013,2769.8083022528913,7.132618225366216,0.3875262896202948,6.0981637004204465,307.95347353120695
2024-01-03 00:00:00,15.0,10.0,1282.6476116007284,2728.3256047788436,7.382768297073322,0.3944142287271101,5.898358892751336,308.83370076386916
2024-01-03 01:00:00,15.0,10.0,1269.5102268940036,2893.1963935686877,7.361386001412119,0.39162337488188204,6.021866312724862,308.17582585722363
2024-01-03 02:00:00,15.0,10.0,1277.3872421027052,2894.87579633017,7.2452872720856805,0.4066949281762974,5.966843814220925,308.8647659872842
2024-01-03 03:00:00,15.0,10.0,1288.2725784792183,2873.2492658373194,7.332898212109393,0.41353782607762535,6.160192021318763,308.2783472495215
2024-01-03 04:00:00,15.0,10.0,1237.1641706295436,2810.5954939480257,7.245378656831844,0.42134337718795967,6.1951883252558435,308.57661633143454
2024-01-03 05:00:00,15.0,10.0,1268.1617109084104,2870.9706395975422,7.179941599717586,0.4305790293873323,6.178132889066218,308.50954652304415
2024-01-03 06:00:00,15.0,10.0,1266.2502424263978,2795.2909174633314,7.285775609118703,0.41347676743140155,5.956731839473084,308.461645533126
2024-01-03 07:00:00,15.0,10.0,1263.809044134537,2805.130904312104,7.176090622187732,0.4257840261601452,5.714649047174332,308.3239672385913
2024-01-03 08:00:00,15.0,10.0,1274.9433342086159,2731.9236181268416,7.38591985949752,0.4305827928467287,5.830192192673945,308.0335746419422
2024-01-03 09:00:00,15.0,10.0,1322.1567453403359,2814.404107142542,7.170146297148557,0.4343758564206487,6.213462498681603,309.1077173457864
2024-01-03 10:00:00,15.0,10.0,1263.2354203447953,2794.8584044260188,7.443860891999967,0.4341866308641611,5.991161478634323,307.69653150745205
2024-01-03 11:00:00,15.0,10.0,1312.0948698902696,2718.055568728737,7.166299717061857,0.4312885770260793,5.946965849665187,308.15215382117157
2024-01-03 12:00:00,15.0,10.0,1245.415443593459,2787.206381705882,7.256970245599752,0.44985207252536696,6.2339340368046114,308.1574429376038
2024-01-03 13:00:00,15.0,10.0,1281.7299713173527,2784.938345764287,7.248761825209924,0.4465057809257369,6.1863799071013705,308.35122037667173
2024-01-03 14:00:00,15.0,10.0,1296.1145992651907,2888.9906301723477,7.535355478433132,0.4586477428903705,6.034758233686027,307.9352636770527
2024-01-03 15:00:00,15.0,10.0,1308.5700174864346,2837.96413607176,7.389628097441119,0.4548390731798891,5.994562013511218,308.30737315279475
2024-01-03 16:00:00,15.0,10.0,1313.2819045564424,2788.1301226562136,7.310365328047306,0.4561731814499435,6.0121924337093,308.0655787073985
2024-01-03 17:00:00,15.0,10.0,1316.8518674581915,2800.7719864147957,7.414992667150089,0.4728247195732845,6.053705521468031,307.359023741281
2024-01-03 18:00:00,15.0,10.0,1288.6188511783823,2788.80343800316,7.03263897727942,0.476176895236993,6.217359793159398,308.1547761431284
2024-01-03 19:00:00,15.0,10.0,1287.009539223063,2774.489778509451,7.33601632626509,0.4843534931200245,6.073731911175952,307.5997173334849
2024-01-03 20:00:00,15.0,10.0,1322.6551311434582,2724.974594409121,7.635969617574458,0.5039145432007368,6.108580981424255,307.2828071187755
2024-01-03 21:00:00,15.0,10.0,1296.6514712988005,2776.355327207199,7.362335621121639,0.4894483722744306,6.160258173203643,308.21843666034465
2024-01-03 22:00:00,15.0,10.0,1269.6505395963325,2742.737470197175,7.353134675053892,0.4953916244695577,5.877082025920245,308.39394167100977
2024-01-03 23:00:00,15.0,10.0,1274.5658232002518,2714.206855699654,7.423916273192085,0.4838006503242613,6.107091716030347,308.4133490210523
2024-01-04 00:00:00,15.0,10.0,1281.3268364326852,2811.832511793515,7.475198840078266,0.485401950771208,5.979259931482661,308.43358535350984
2024-01-04 01:00:00,15.0,10.0,1319.5017080159828,2804.723807526748,7.050511887659719,0.517828032647095,5.710562890994773,307.1837054895297
2024-01-04 02:00:00,15.0,10.0,1311.3912313420828,2683.1049013268653,7.097021087790208,0.49625872025779555,5.75577096682823,307.46949153604623
2024-01-04 03:00:00,15.0,10.0,1326.8723155552534,2775.3171735539295,7.375237197749934,0.49857030881394104,5.887785136563236,309.13676071840683
2024-01-04 04:00:00,15.0,10.0,1298.714092915067,2837.163792188409,7.239554960531542,0.5123533207006318,6.072552833278404,307.62639561996144
2024-01-04 05:00:00,15.0,10.0,1315.151454739925,2840.330325027771,7.537504103880556,0.5153238023179667,6.020960708119457,308.45542051556833
2024-01-04 06:00:00,15.0,10.0,1328.4769850714292,2838.121758527565,7.29867775931498,0.5103243299916435,6.02803559344652,307.80653118916706
2024-01-04 07:00:00,15.0,10.0,1304.9825054812686,2782.89849638878,7.0609846349141225,0.5199145825435029,6.238807590857138,308.1898363696338
2024-01-04 08:00:00,15.0,10.0,1326.1381711274514,2733.428380677468,7.159084859317483,0.5394006730498939,5.850801065746689,307.83337289886316
2024-01-04 09:00:00,15.0,10.0,1297.7298064579963,2719.8636341460447,6.941593553417739,0.5212197796460745,5.998559166275511,308.4307705773098
2024-01-04 10:00:00,15.0,10.0,1306.5729759717742,2798.992438965177,7.311335400502599,0.5181581384084416,6.037092831735902,308.2183870586583
2024-01-04 11:00:00,15.0,10.0,1307.0453041622268,2800.6451825854297,7.31823030356841,0.5463330681949659,5.91094460918531,307.9258551131779
2024-01-04 12:00:00,15.0,10.0,1286.5319136095754,2850.858023281915,7.2837151960534845,0.5446983748868538,6.001438981493544,307.6249139401596
2024-01-04 13:00:00,15.0,10.0,1331.8398924468759,2840.1907905540966,7.504757930387947,0.535773246898375,5.804926643129573,308.2838870987462
2024-01-04 14:00:00,15.0,10.0,1307.524282379653,2771.468350027064,7.522501303854854,0.528316051655068,6.164685381066961,307.5436406004787
2024-01-04 15:00:00,15.0,10.0,1321.152404158373,2709.4503029531825,7.321526601824557,0.5404403898752811,5.912726595988617,308.3637405210604
2024-01-04 16:00:00,15.0,10.0,1334.4222124632709,2760.648394316496,7.033054991532107,0.5509947400616599,6.2367872801003825,309.4632424545184
2024-01-04 17:00:00,15.0,10.0,1334.4027302630539,2790.2486217817623,7.4375650284131005,0.5674720865898076,5.988269516909498,308.825085025631
2024-01-04 18:00:00,15.0,10.0,1341.0663592664257,2766.759366789496,7.428612840699514,0.5458909956461109,6.114235346602655,308.5091739434471
2024-01-04 19:00:00,15.0,10.0,1321.695290881869,2745.7014452247067,7.392612011677606,0.5593629760463573,5.983580883423519,308.1071963511294
2024-01-04 20:00:00,15.0,10.0,1313.921042243291,2791.6830831224333,7.491510695459932,0.5707373439417259,5.985218433325338,307.1806236864982
2024-01-04 21:00:00,15.0,10.0,1323.8489367894651,2749.4791082747342,7.1762506809028626,0.5389640731679379,5.917915087573757,307.4888568020499
2024-01-04 22:00:00,15.0,10.0,1281.9992003988993,2742.433061302406,7.642739457194022,0.5804182719960471,6.001096214455716,308.7913964280513
2024-01-04 23:00:00,15.0,10.0,1289.1491100367125,2794.4759105336084,7.2066867614312065,0.5578538984130739,6.023899277873718,307.7551219599376
2024-01-05 00:00:00,15.0,10.0,1293.2179840523336,2754.7131830940502,7.457905054066572,0.5778463489670465,5.890972515184232,307.80037395091796
2024-01-05 01:00:00,15.0,10.0,1302.6239073747586,2790.4696785990336,7.099953334917128,0.5795111253024633,5.968916938309398,308.06717476215795
2024-01-05 02:00:00,15.0,10.0,1340.530321695906,2791.965461846286,7.211329127363218,0.5918258310644511,5.909933820299877,307.6189768705767
2024-01-05 03:00:00,15.0,10.0,1306.5524286663135,2713.404171369332,7.57100731861156,0.588229977758647,6.257144506181975,307.53661563272414
2024-01-05 04:00:00,15.0,10.0,1321.322393334618,2749.8520564240407,7.309926480046286,0.5565591940487342,5.970371844094655,308.12476296360927
2024-01-05 05:00:00,15.0,10.0,1366.7383875849723,2856.3177002771904,7.47182121566514,0.5776195733516153,6.165034173358508,307.70423527266394
2024-01-05 06:00:00,15.0,10.0,1323.3483599212905,2711.8602322097113,7.383312635670614,0.5909125627190549,5.955954145253214,307.7794907101105
2024-01-05 07:00:00,15.0,10.0,1353.2272448595588,2658.77436909796,7.333166575507648,0.5893958339768735,6.009499402091572,307.7594044869265
2024-01-05 08:00:00,15.0,10.0,1309.3450497829251,2672.8482245999403,7.54914562255117,0.5997641292939158,5.81968916851021,308.4111801069172
2024-01-05 09:00:00,15.0,10.0,1329.466309274341,2777.771172368368,7.314012531382807,0.6058585063895182,5.923404513341969,308.0339371547523
2024-01-05 10:00:00,15.0,10.0,1310.256910550277,2777.8060708426115,7.08716482516217,0.6060491191242537,6.001210422891142,308.06071401605305
2024-01-05 11:00:00,15.0,10.0,1327.2477494627183,2769.5000354144245,7.23092998886601,0.5984753619635317,6.164800936583705,308.4484729486544
2024-01-05 12:00:00,15.0,10.0,1359.4436560705483,2843.3870494290936,7.4300992054626445,0.5810297699711711,6.001024529639275,308.0789801958835
2024-01-05 13:00:00,15.0,10.0,1291.420730183149,2627.535295262958,7.407309504508881,0.6000174197507848,6.139071121500652,308.0108731157714
2024-01-05 14:00:00,15.0,10.0,1349.9070944298958,2797.865062912183,7.118931747989886,0.6127892932018264,6.049560459606786,308.38522517778506
2024-01-05 15:00:00,15.0,10.0,1345.2858392353883,2862.531556150346,7.242885581450717,0.5965920120576256,6.166689102890681,308.4840989217788
2024-01-05 16:00:00,15.0,10.0,1323.633882130756,2713.201664072631,7.263934503641047,0.6197550437773054,5.964550517760068,308.0764632502457
2024-01-05 17:00:00,15.0,10.0,1301.4165591601904,2754.6977736932654,7.2958051812401346,0.6252906746564838,6.256353771511467,308.1903038878102
2024-01-05 18:00:00,15.0,10.0,1342.7267171651404,2733.961780710449,7.147360224721755,0.617772966873305,5.912289349522374,307.7591048851333
2024-01-05 19:00:00,15.0,10.0,1327.1961995799647,2726.0894071483117,7.257323466075214,0.5803729668644397,5.878084734308565,307.7196584784177
2024-01-05 20:00:00,15.0,10.0,1348.2480251628754,2757.610941556834,7.24266751436082,0.6044210225989529,5.824500073177963,308.5345737509834
2024-01-05 21:00:00,15.0,10.0,1343.1840356956084,2854.957440014377,7.463261185135855,0.64574215904802,6.246577525099627,308.3724710312723
2024-01-05 22:00:00,15.0,10.0,1386.2141244811628,2877.7049890561325,7.468864499098832,0.6174085229286806,6.065526239751001,308.37764921920825
2024-01-05 23:00:00,15.0,10.0,1337.3318861577309,2757.0511318174154,7.328566038707162,0.6013205498149781,5.927251745748319,308.2904271743627
2024-01-06 00:00:00,15.0,10.0,1316.819479551277,2881.4580327961044,7.292443636378985,0.643595489375642,6.115592881922337,308.17310163790745
2024-01-06 01:00:00,15.0,10.0,1349.7268580754212,2777.6791354887773,7.370715880179814,0.630130827530129,6.048034397770922,308.49820594541137
2024-01-06 02:00:00,15.0,10.0,1351.3847454071295,2873.066065083667,7.230177706462436,0.6457827138025006,6.200002340919703,308.61755438051136
2024-01-06 03:00:00,15.0,10.0,1382.608280175121,2770.542346342891,7.181696815608109,0.6371621353414973,5.780234628609034,308.6056140025953
2024-01-06 04:00:00,15.0,10.0,1369.0564298487805,2783.0111755264134,7.2121371950335895,0.6412867688075918,5.932708139580873,308.099611042027
2024-01-06 05:00:00,15.0,10.0,1356.7217850771676,2796.0418061289215,7.25710097489607,0.6418669586517597,5.908682052269295,308.8434963649544
2024-01-06 06:00:00,15.0,10.0,1387.0821221041551,2952.2479624697467,7.179448142153031,0.6479112659150559,5.7279561746616725,308.26423034086616
2024-01-06 07:00:00,15.0,10.0,1316.1178957961463,2823.055331452583,7.3743799207108935,0.6699143218005593,6.089317503608679,308.46618809628285
2024-01-06 08:00:00,15.0,10.0,1331.437616722262,2736.5564832824107,7.457896673303451,0.6549147153610195,5.9301487006033815,308.2910439454174
2024-01-06 09:00:00,15.0,10.0,1324.208679369656,2829.6457638090465,7.117357308266912,0.6237645949577029,6.050125461705206,308.27350335374206
2024-01-06 10:00:00,15.0,10.0,1339.2006663273344,2755.7931562165886,7.354438662937801,0.6515535619652217,6.242840246370529,307.78212400487485
2024-01-06 11:00:00,15.0,10.0,1313.0527164047471,2748.7250847458154,7.318471199741672,0.6622032706749239,5.918936190246067,308.5006754191724
2024-01-06 12:00:00,15.0,10.0,1367.8886351056976,2826.396334282693,7.40107294183762,0.6646502466883797,5.910420740212968,309.5726471974538
2024-01-06 13:00:00,15.0,10.0,1345.2201672677377,2777.7164707381266,7.349022011523995,0.6450799043942226,5.974362073455638,307.96260246260493
2024-01-06 14:00:00,15.0,10.0,1311.9534495960352,2791.4986409007374,7.137274661735441,0.6673973758586458,6.077494391741134,308.18549735771245
2024-01-06 15:00:00,15.0,10.0,1324.7352233319968,2776.852044092653,7.165442001715484,0.6658807281652561,5.89188549755907,307.92689736782637
2024-01-06 16:00:00,15.0,10.0,1361.1619948741318,2794.8093533850238,7.355421662818121,0.6889917561076585,5.883857371893692,307.905990049219
2024-01-06 17:00:00,15.0,10.0,1375.8373552495252,2799.7650399722775,7.502405656996404,0.6469313436544641,6.08468179153787,308.9222247390593
2024-01-06 18:00:00,15.0,10.0,1407.6813385153773,2668.6707413537497,7.0256668265750735,0.6515874904064894,6.003461526592456,307.81351449113623
2024-01-06 19:00:00,15.0,10.0,1433.0024118146325,2813.2836027783255,7.402090061949752,0.6556920948838965,5.71434958717059,307.9129597633168
2024-01-06 20:00:00,15.0,10.0,1365.77670412984,2721.79793750039,7.526218199285376,0.6546918007347191,5.811660035200791,307.35625358813434
2024-01-06 21:00:00,15.0,10.0,1328.188798707603,2696.294711007876,7.328865777660435,0.6508024320439288,6.136218663819102,307.77119413772886
2024-01-06 22:00:00,15.0,10.0,1297.6583002941838,2773.1966723840515,7.432311583699602,0.6273112305122898,6.004929121909879,307.2958000535233
2024-01-06 23:00:00,15.0,10.0,1363.1622817538043,2781.1634562803765,7.248095195376826,0.6595974802134712,5.865941805637854,308.4659023496059
2024-01-07 00:00:00,15.0,10.0,1334.2916843583903,2738.050316318926,7.333966560860085,0.6716708509955521,5.936158746278161,309.5498486109186
2024-01-07 01:00:00,15.0,10.0,1345.510619467532,2822.774131290879,7.113241292179476,0.6614990173253031,5.957760381954145,307.9666606031747
2024-01-07 02:00:00,15.0,10.0,1340.5996745577497,2702.153727981159,7.006920838327848,0.6953255202180714,6.043557397540873,307.3166210335049
2024-01-07 03:00:00,15.0,10.0,1353.8204568246372,2754.1567061586748,7.490280971686483,0.6708994072003138,5.793875610542085,308.59999983221485
2024-01-07 04:00:00,15.0,10.0,1387.0213073912694,2744.3426611758387,7.206882465406591,0.6893588553038584,5.8552536160579365,307.7865375205349
2024-01-07 05:00:00,15.0,10.0,1362.7551596296637,2774.3068233585323,7.284778561545645,0.6767962618521021,5.987692650826206,308.7996734652767
2024-01-07 06:00:00,15.0,10.0,1354.5930502832693,2792.4532564030574,7.147946288497102,0.6856754681161545,5.943067277846076,308.008985476105
2024-01-07 07:00:00,15.0,10.0,1331.161034702656,2721.0587743963865,7.1445311662767,0.6795335382052548,6.022847655117329,307.83409215545856
2024-01-07 08:00:00,15.0,10.0,1314.182746148478,2817.3401790422718,7.326333089140851,0.695507201573789,5.808113628892812,308.0610212221271
2024-01-07 09:00:00,15.0,10.0,1346.9004044452186,2780.686631145118,7.244662087137828,0.6789307952003442,5.996869863627977,308.52888838046806
2024-01-07 10:00:00,15.0,10.0,1359.0662483126064,2672.1752304316624,7.407558785234095,0.6860930973007406,6.084143161121293,308.03628968462215
2024-01-07 11:00:00,15.0,10.0,1409.0468128867626,2668.548304775384,7.418566854364028,0.6855013226043497,6.011947003506452,307.9016376486031
2024-01-07 12:00:00,15.0,10.0,1364.8661772624553,2776.736750930475,7.399246329315525,0.6777314183744799,5.970373903092713,308.05058419851053
2024-01-07 13:00:00,15.0,10.0,1388.4725766726428,2765.226745976274,7.3871948178990845,0.6883216453398503,5.942233166618638,307.51407240774955
2024-01-07 14:00:00,15.0,10.0,1348.4922922795047,2771.8379287977587,7.584152039288095,0.7144665419110108,5.854094956799449,308.34851580114696
2024-01-07 15:00:00,15.0,10.0,1330.1868585577813,2776.111320290084,7.19521035983488,0.6812968337697548,5.944787376574544,307.2566367030775
2024-01-07 16:00:00,15.0,10.0,1336.5481509346585,2790.2806830100762,7.344156398819769,0.6918378291785497,6.103214603382083,307.92793927281724
2024-01-07 17:00:00,15.0,10.0,1343.4563518956352,2830.482942904528,7.5188315433758826,0.7044325962421996,5.938933490850345,308.52969260441535
2024-01-07 18:00:00,15.0,10.0,1421.6484668502815,2716.1894536635436,7.538260373200432,0.7038906313100148,5.847051055398514,308.30152414146636
2024-01-07 19:00:00,15.0,10.0,1341.5619485671193,2712.892801374803,7.143287723087806,0.6893915433633284,5.894279416008406,308.44516028649315
2024-01-07 20:00:00,15.0,10.0,1387.213144882589,2717.348603234859,7.306461705526801,0.6573458940063658,5.976700367509146,308.11747716364056
2024-01-07 21:00:00,15.0,10.0,1340.050547037788,2794.238070673202,7.552141312649385,0.6983952903902833,5.9082308111134045,308.7348730904927
2024-01-07 22:00:00,15.0,10.0,1390.4859953446046,2847.4508813849557,7.427182335180345,0.6615120836106998,6.010395112267768,308.61234959838487
2024-01-07 23:00:00,15.0,10.0,1375.9202502300955,2754.397284511244,7.381220804356768,0.7135935581090431,6.014791321923323,308.3730705021238
2024-01-08 00:00:00,22.5,10.0,1362.8624658831543,2643.147721285893,7.32019918030124,0.6971097154673057,6.057771432735129,308.61377288865674
2024-01-08 01:00:00,22.5,10.0,1366.5196917532587,2688.724656216834,7.2956142268541635,0.710187568657638,6.120820050267141,308.5252117772018
2024-01-08 02:00:00,22.5,10.0,1350.502213698541,2738.8675919265634,7.394289042656897,0.6851753373790674,6.069347419808735,307.9302682433265
2024-01-08 03:00:00,22.5,10.0,1381.6617353738097,2756.284657887925,7.314667491622523,0.6775501525628428,5.839099522860298,307.4780505441543
2024-01-08 04:00:00,22.5,10.0,1358.1831460435887,2767.0944909057316,7.345373896789888,0.7044275205394043,5.842220944412185,308.3601810629213
2024-01-08 05:00:00,22.5,10.0,1338.3968507403008,2794.929073409457,7.363035544400508,0.7018353720849784,5.940175913326676,308.4230446154157
2024-01-08 06:00:00,22.5,10.0,1338.4368777341565,2778.610495451242,7.25161142618714,0.6969552388031423,5.894961777929772,308.69523599556925
2024-01-08 07:00:00,22.5,10.0,1379.9341816843184,2858.436259623814,7.42934622785836,0.7066774954104469,5.8126603193297965,307.6818393624773
2024-01-08 08:00:00,22.5,10.0,1420.4393532721756,2765.7648712776395,7.7793418195493995,0.7462764085865635,5.89496420311905,307.6967844703614
2024-01-08 09:00:00,22.5,10.0,1383.2440814642032,2759.5765053469645,7.089418317252905,0.7206730157224646,5.890478140211569,308.37995013315384
2024-01-08 10:00:00,22.5,10.0,1377.5432932964086,2839.600680421359,7.398034188768445,0.7255157778839645,5.866413302564326,308.11441650557344
2024-01-08 11:00:00,22.5,10.0,1390.8153832914422,2731.0897648586897,7.23837621850101,0.7244383404870021,5.908144225497943,307.20711919471444
2024-01-08 12:00:00,22.5,10.0,1421.2760916545608,2844.879260200504,7.434709787635757,0.735418195565947,6.08518182122967,308.33755408187704
2024-01-08 13:00:00,22.5,10.0,1393.4631675868857,2834.195208341856,7.35636950878727,0.7134859281929573,5.968100214956628,307.2237885425055
2024-01-08 14:00:00,22.5,10.0,1378.3177776292425,2825.794255963294,7.461185970825352,0.6886752926085521,6.237584055336945,307.6773717240633
2024-01-08 15:00:00,22.5,10.0,1422.9846475429417,2930.3464483473545,7.521646696694037,0.7175082340478747,5.963333677131956,308.82584068643
2024-01-08 16:00:00,22.5,10.0,1406.6553153658342,2810.880582999005,7.376812934841874,0.734039435406813,5.907896846412608,309.06243950890354
2024-01-08 17:00:00,22.5,10.0,1440.1923217633205,2970.1909750664763,7.514554621153261,0.7104007251463462,5.942150056722609,307.542171815764
2024-01-08 18:00:00,22.5,10.0,1405.0427259030307,2846.2489360714367,7.0033193993184,0.7240776110672491,5.971408883229521,307.98530423129364
2024-01-08 19:00:00,22.5,10.0,1368.2529381308132,2792.570468131515,7.581186267313137,0.71879200158604,5.991902497750469,308.17131126153936
2024-01-08 20:00:00,22.5,10.0,1366.8817374166729,2876.5110246378604,7.40222030199381,0.7531211708032681,6.186128848191457,309.04061346379075
2024-01-08 21:00:00,22.5,10.0,1454.6031508228407,2817.3367503650334,7.505116219689113,0.7444742232010614,5.838270366599323,307.9035655260878
2024-01-08 22:00:00,22.5,10.0,1459.5542288099068,2842.8089450632074,7.167144705699818,0.7454323005857794,6.039911074822307,307.91155798848337
2024-01-08 23:00:00,22.5,10.0,1408.6722273090506,2916.119569775612,7.223955762603482,0.747423497449431,5.961770005656333,308.9243627792314
2024-01-09 00:00:00,22.5,10.0,1405.7459695185805,2932.351244631879,7.367088336835099,0.7401318814935444,5.749768445695864,307.96260542364087
2024-01-09 01:00:00,22.5,10.0,1460.9628239253793,2870.9544863926703,7.3427821157406274,0.7460920769742457,6.026974402407133,308.51110085448323
2024-01-09 02:00:00,22.5,10.0,1390.8634193723856,2971.6900993716154,7.386506572327973,0.727984972681268,6.08511944708106,307.41142851744377
2024-01-09 03:00:00,22.5,10.0,1399.7414034519738,2988.7763992415353,7.50387196480114,0.7154763354727918,5.832100776614952,308.0643836279538
2024-01-09 04:00:00,22.5,10.0,1446.5139487868928,3012.2619893887763,7.084928155392319,0.7530097628837709,5.931924606388382,307.3202015808368
2024-01-09 05:00:00,22.5,10.0,1419.7378915453073,2966.1992486206545,7.48689165785088,0.7582264504885022,5.727432564669552,307.62228310952213
2024-01-09 06:00:00,22.5,10.0,1433.7743049854498,3022.2888573071873,7.34472882134332,0.7742412808487743,5.781947003104143,308.5696006775761
2024-01-09 07:00:00,22.5,10.0,1432.1074207544161,2838.036734830488,7.313241200592259,0.7824346379213674,6.054710984064839,308.12504730445664
2024-01-09 08:00:00,22.5,10.0,1449.3978527134655,2937.0267358931883,7.126787598851621,0.7851555339006847,5.874219008206589,307.99044712972346
2024-01-09 09:00:00,22.5,10.0,1483.1470363088638,2911.2506894130797,7.416369221328301,0.7486815199820319,5.797176309823372,307.77562518800954
2024-01-09 10:00:00,22.5,10.0,1448.007142530703,2976.448055134638,6.98767165784789,0.7612250286840934,5.954966697330444,308.03967196337936
2024-01-09 11:00:00,22.5,10.0,1466.8727535385342,2942.0363748489976,7.437051186886598,0.7767303450710069,5.864944336773336,308.3005565835503
2024-01-09 12:00:00,22.5,10.0,1391.5395853856232,2972.7531825516835,7.12243717813177,0.8111649323011855,5.870169692914808,308.64145810323083
2024-01-09 13:00:00,22.5,10.0,1452.417517590556,3101.7348089560164,7.349058543646482,0.7977487984041312,6.0126789142854165,306.8374266579516
2024-01-09 14:00:00,22.5,10.0,1432.0459608060169,2985.514445775593,7.3234044827086295,0.794978460893516,5.786514007754522,307.73411941286855
2024-01-09 15:00:00,22.5,10.0,1423.7932351006355,3026.924899236333,7.512298930930612,0.774287969042158,5.815993906008872,308.22954812109447
2024-01-09 16:00:00,22.5,10.0,1436.4222527940547,2994.4247844210163,7.3140704672983645,0.7692881953717273,5.940582644926959,308.1005684420188
2024-01-09 17:00:00,22.5,10.0,1455.0239426353305,3019.2057845301406,7.238105023158231,0.7983129256815137,6.036219093991523,308.35168812126335
2024-01-09 18:00:00,22.5,10.0,1494.3821331709246,3021.164921585278,7.265349904630023,0.7713512778655233,6.06710225017339,308.28377014306324
2024-01-09 19:00:00,22.5,10.0,1431.163987820768,3054.021256822056,7.526277876537392,0.7877479446151151,5.840830168615157,307.99756606850326
2024-01-09 20:00:00,22.5,10.0,1473.7060550033766,3103.562931328375,7.417874358601342,0.7925156039342348,6.029601408520385,307.8865734020064
2024-01-09 21:00:00,22.5,10.0,1461.1314131613667,3138.915025248645,7.282280130729039,0.8225583930090465,5.82490681599561,308.02724925513223
2024-01-09 22:00:00,22.5,10.0,1468.3220184616146,3063.4791215435553,7.303910175014763,0.7943160230437161,6.132889672305912,308.72437117491137
2024-01-09 23:00:00,22.5,10.0,1510.2655484893492,3086.3419672640143,7.108340960868211,0.7636591722838667,5.781708959547559,307.7839960335471
2024-01-10 00:00:00,22.5,10.0,1499.07306638661,2985.7003355320676,7.395105862016141,0.8137912796915481,6.072079133083204,308.118596638428
2024-01-10 01:00:00,22.5,10.0,1525.362217346241,3056.2457841488445,7.079574394725861,0.7972012683219951,5.836341424482409,308.2416711069992
2024-01-10 02:00:00,22.5,10.0,1483.5142143758803,3124.809002279351,7.447918165894973,0.812040484111113,6.151147582816161,308.9301754649372
2024-01-10 03:00:00,22.5,10.0,1469.8278848226944,3125.7648140620786,7.356221562307384,0.81278303434962,5.982046385121669,307.9998458708818
2024-01-10 04:00:00,22.5,10.0,1486.3273267009772,3090.9163714574047,7.687373855707258,0.8125699248770062,5.791078593562867,308.6294033280055
2024-01-10 05:00:00,22.5,10.0,1502.6759135078228,3137.807487768165,7.175441557652403,0.8328505850047505,5.84853442045458,308.76598970163246
2024-01-10 06:00:00,22.5,10.0,1503.0987576990494,3118.6428099177692,7.321578442294319,0.7975160760151104,6.001661858071488,308.11812286750467
2024-01-10 07:00:00,22.5,10.0,1467.6348617283938,3167.6923444345302,7.6002761849857015,0.8170499803311165,6.032797858904476,308.0446405104616
2024-01-10 08:00:00,22.5,10.0,1505.22529500054,3116.3856390828605,7.511000182104649,0.8397669841147277,5.899127585957339,307.9854731639759
2024-01-10 09:00:00,22.5,10.0,1511.6859174776948,3081.3230168258438,7.233829595285371,0.8210687634655902,5.91183386425807,308.02208843287866
2024-01-10 10:00:00,22.5,10.0,1582.9853004559675,3129.1482465154913,7.368623797201037,0.807282087869204,5.995207351573251,308.5771199302884
2024-01-10 11:00:00,22.5,10.0,1566.0221902347826,2930.6027343534697,7.335848617189086,0.848151744774268,5.920281145517938,308.26550498862775
2024-01-10 12:00:00,22.5,10.0,1485.8076376713009,3141.6611039086556,7.376715155511349,0.8586605205272978,5.75106757776385,308.2676448545849
2024-01-10 13:00:00,22.5,10.0,1505.115637902095,2894.5948658869956,7.232650670675038,0.8418713787816086,5.8069074331485355,307.5873882448101
2024-01-10 14:00:00,22.5,10.0,1471.6346260432547,3019.22288345275,7.321848762016094,0.8123016396346435,5.929727682295049,307.66625496131235
2024-01-10 15:00:00,22.5,10.0,1500.2367445254622,3159.806980115168,7.100332028647932,0.8602584925242434,6.044519414619516,309.2217234123885
2024-01-10 16:00:00,22.5,10.0,1529.9120080128755,3165.896604011061,7.354390402995878,0.8228447676574443,6.090853627285281,308.0610871373556
2024-01-10 17:00:00,22.5,10.0,1559.1522372093239,3067.3034861297756,7.400395472890767,0.8591854297013567,5.991235095088838,307.7626140022108
2024-01-10 18:00:00,22.5,10.0,1502.3024367281878,3099.822329274283,7.300841844981814,0.8415116880759757,5.932256719828729,308.86554958279464
2024-01-10 19:00:00,22.5,10.0,1506.634778701751,3235.1498829742295,7.097125452588145,0.8395792674216958,5.98579587522175,308.29090427434176
2024-01-10 20:00:00,22.5,10.0,1463.0101092771336,3122.4784273059195,7.4788413020266695,0.8546884905532987,5.817954866700011,308.4390774584322
2024-01-10 21:00:00,22.5,10.0,1525.7100651140136,3298.722640281422,7.387140717473523,0.8619233612677313,5.877634714516352,308.0809764623592
2024-01-10 22:00:00,22.5,10.0,1500.1312103480116,3161.0136479136672,7.227021260319629,0.856690105853384,5.797662314557735,307.9906634547116
2024-01-10 23:00:00,22.5,10.0,1518.435014510711,3190.936570344384,7.292185920577193,0.8808918199449746,5.746750469184798,308.06520681375133
2024-01-11 00:00:00,22.5,10.0,1509.7027009287958,3271.495170465212,7.113085099095732,0.865609215193204,5.932395390293974,307.4586309148507
2024-01-11 01:00:00,22.5,10.0,1535.6954819872776,3181.1809953882325,7.18263269156462,0.8933284678023699,5.914081488176201,308.10603629529004
2024-01-11 02:00:00,22.5,10.0,1486.3639184768497,3112.9737109214043,7.2539900196065155,0.8838370227356063,5.972386488757138,308.29801653852127
2024-01-11 03:00:00,22.5,10.0,1497.1677893554015,3173.4067352307957,7.512864348718831,0.8693272932406313,5.954847979614507,309.0752316169218
2024-01-11 04:00:00,22.5,10.0,1610.0715989709024,3181.7911146425813,7.238777565966391,0.8690335564712863,5.918246229489911,308.1929995325026
2024-01-11 05:00:00,22.5,10.0,1506.3593602294354,3100.6674651438307,7.426300991502013,0.8578329383630026,5.954380593885002,306.98291147889483
2024-01-11 06:00:00,22.5,10.0,1514.0578705498322,3174.9057810596505,7.253329264043716,0.8949367371853938,5.882963855189096,308.10300728360767
2024-01-11 07:00:00,22.5,10.0,1606.777438026123,3147.316610369648,7.368489502587043,0.8861246050873366,5.935777586441565,309.51975206655413
2024-01-11 08:00:00,22.5,10.0,1641.7967996098075,3257.3147355382066,7.311257367386697,0.8526644452524036,5.800854319835975,308.5831831174925
2024-01-11 09:00:00,22.5,10.0,1517.03144071032,3203.8028705481424,7.459878580233746,0.8881816556246334,5.929044356388365,307.7445555280957
2024-01-11 10:00:00,22.5,10.0,1543.7438645979496,3186.804784488484,7.253301486108295,0.8842302522187787,5.963386795832254,308.44555325721524
2024-01-11 11:00:00,22.5,10.0,1567.5825427735354,3201.4120688496546,7.101010349205399,0.9315611382136548,5.8051093110621546,307.7789932875551
2024-01-11 12:00:00,22.5,10.0,1612.567271918482,3225.799195531634,7.128831294717518,0.8748877757209181,5.889220373454336,307.47309624022654
2024-01-11 13:00:00,22.5,10.0,1529.5927296895015,3254.3185352425667,7.253353017236943,0.8821672289808926,5.80896930542866,307.97581531838296
2024-01-11 14:00:00,22.5,10.0,1554.422448549659,3153.4684672091744,7.148075398841321,0.9311815524841889,5.819620033924707,308.1957632196194
2024-01-11 15:00:00,22.5,10.0,1588.074198908713,3153.8055326806257,7.391244076168873,0.9383417934077009,5.748471073679641,307.21392224878326
2024-01-11 16:00:00,22.5,10.0,1579.0347168123067,3295.180560749464,7.262689635323823,0.9024825011944834,6.028869897160539,307.5754203547307
2024-01-11 17:00:00,22.5,10.0,1555.2766242188504,3200.3430136936313,7.679023568409252,0.9070854229901908,6.004564639630205,308.15516778159116
2024-01-11 18:00:00,22.5,10.0,1564.493413669159,3138.3867277183003,7.075977178606872,0.9326066562222424,5.9416911355295925,307.9459134120055
2024-01-11 19:00:00,22.5,10.0,1527.1213704411552,3261.5201942466956,7.360496949167422,0.8807966343674589,6.109603637974707,308.347405635573
2024-01-11 20:00:00,22.5,10.0,1564.4066819347343,3265.679821781844,7.165163460122552,0.8918358319570769,5.854782071613574,307.5426658363457
2024-01-11 21:00:00,22.5,10.0,1565.0880282343962,3139.3736481279166,7.258090476744393,0.9236128106031619,6.2326091653144005,308.5070568742766
2024-01-11 22:00:00,22.5,10.0,1582.345274245017,3256.1777800508016,7.351056455267442,0.9601933830859032,5.848841166406499,307.5581204514699
2024-01-11 23:00:00,22.5,10.0,1559.0663071389554,3291.7675911582533,6.989311961978308,0.9256684974882884,5.904851179700702,308.9713671509688
2024-01-12 00:00:00,22.5,10.0,1592.9885943758838,3271.0529257628164,7.364841395971308,0.9381634331164562,5.827430598634064,307.2921208578108
2024-01-12 01:00:00,22.5,10.0,1611.6137342882225,3290.4729195409864,7.6089917565286695,0.9600118340270517,5.9172040264498555,307.6037228648083
2024-01-12 02:00:00,22.5,10.0,1586.0331987538411,3160.6872220941686,7.263455705248761,0.9808209653649613,5.9709273943598635,308.3586854015159
2024-01-12 03:00:00,22.5,10.0,1593.7354506500028,3276.150368913145,7.367922644246975,0.9326982387816952,5.858722019029891,308.9821166257488
2024-01-12 04:00:00,22.5,10.0,1585.7543124092108,3237.4312289790405,7.479992479270088,0.9456721958862061,6.080067501498664,308.3075215180581
2024-01-12 05:00:00,22.5,10.0,1585.5269127961762,3228.1750162148455,7.305620242892202,0.9829416839545149,5.898847193033661,308.4314289600912
2024-01-12 06:00:00,22.5,10.0,1564.0619827335277,3318.9144088314,7.2444033752381785,0.9218119850578339,5.901869084033053,308.15876845083653
2024-01-12 07:00:00,22.5,10.0,1598.4432007755418,3361.1319679024996,6.995882064367444,0.9727043039865197,5.762761451505615,307.63680077294237
2024-01-12 08:00:00,22.5,10.0,1586.7066027930266,3384.1864444793896,7.423359107659871,0.9360005264025695,5.91795333809518,307.9049308258803
2024-01-12 09:00:00,22.5,10.0,1657.809889240915,3355.274912893023,7.312726658787467,0.959750117392766,5.8524732118419704,307.54404514000936
2024-01-12 10:00:00,22.5,10.0,1642.6942322386963,3264.450472105863,7.180791445524256,0.9554397483553856,5.796205798638016,307.51064501611154
2024-01-12 11:00:00,22.5,10.0,1606.2504760089087,3297.018185118256,7.347713947748943,0.9439539138748753,5.775861963629641,308.35087445965985
2024-01-12 12:00:00,22.5,10.0,1570.9601632625963,3326.426200694104,7.243523542505602,0.9457049181173285,6.1798422562179445,307.588411008956
2024-01-12 13:00:00,22.5,10.0,1561.1267666246272,3286.3523686898134,7.251548654242038,0.9722801435323452,5.834868087661675,308.30977700336166
2024-01-12 14:00:00,22.5,10.0,1636.047748037911,3289.180183784677,7.417801512998338,0.9884775781653404,5.694283828480953,307.4990886238894
2024-01-12 15:00:00,22.5,10.0,1607.7005735943894,3336.846033859788,7.1326842505297705,0.968889065807862,5.78272252708699,308.29819151005836
2024-01-12 16:00:00,22.5,10.0,1615.9708563588727,3280.998264544399,7.482301785647537,0.9749873624866592,5.85800430642277,307.9056587155185
2024-01-12 17:00:00,22.5,10.0,1545.999313543057,3239.049858594661,7.123857320570502,0.9869650420157611,5.92760246403496,308.8533077668253
2024-01-12 18:00:00,22.5,10.0,1632.9080513481813,3261.798501403745,7.231521489449696,0.9589918886890324,5.928001378432901,308.3118594477895
2024-01-12 19:00:00,22.5,10.0,1619.0197837392686,3332.8287592212987,7.610440278578256,0.994658988450992,5.941739030261116,308.76789144649706
2024-01-12 20:00:00,22.5,10.0,1570.0324277068014,3293.3119429382086,7.493763990275424,0.9984005600828544,5.786275162336931,307.7721766417874
2024-01-12 21:00:00,22.5,10.0,1591.7810594668588,3317.5180545017542,7.3427706920389975,1.0356935261143556,5.9012647153863895,308.17807167012205
2024-01-12 22:00:00,22.5,10.0,1616.648028923724,3341.237945039915,7.190552680820294,0.9791217483274652,5.758154894363614,307.65945642094186
2024-01-12 23:00:00,22.5,10.0,1611.073820401596,3274.247392699618,7.2507715257687355,0.9795788772093624,5.787714592164387,307.94319737862776
2024-01-13 00:00:00,22.5,10.0,1601.1811042461864,3350.804871667772,7.339027376431394,1.005949525783051,5.752294574684223,308.0189478886277
2024-01-13 01:00:00,22.5,10.0,1608.4524552991102,3327.776902933307,7.333731135755169,1.0090361386437139,5.720098702386539,307.78707088965643
2024-01-13 02:00:00,22.5,10.0,1604.8445199603195,3222.9882018453045,7.314858441923199,0.9841683819209689,5.983589061999653,307.54224857057716
2024-01-13 03:00:00,22.5,10.0,1619.0718672552962,3401.798025393312,7.3236045634259375,0.9888017571415476,5.939104809599326,307.44324133817366
2024-01-13 04:00:00,22.5,10.0,1662.8474838044779,3275.0851597948094,7.296652352697174,1.0096572503287033,5.972389770831941,306.9801259421463
2024-01-13 05:00:00,22.5,10.0,1533.4827283467855,3200.4206968482295,7.116683848896628,0.9842718131410945,5.862122214562601,307.62182676824824
2024-01-13 06:00:00,22.5,10.0,1609.9390117309981,3242.515972500826,7.25227204829924,0.9945764906300539,5.9480747095342155,308.4637469483359
2024-01-13 07:00:00,22.5,10.0,1624.446296650083,3245.792778745001,7.461969505291672,1.0065661464996973,5.650343974453951,307.3507507339933
2024-01-13 08:00:00,22.5,10.0,1629.440751745181,3318.6145910733303,7.127337225620098,1.0267561694816874,5.9573178850791235,307.4659385768733
2024-01-13 09:00:00,22.5,10.0,1608.9035094593185,3298.664546382749,7.300050925634964,0.9964283054490571,5.876562076847202,309.0454492856164
2024-01-13 10:00:00,22.5,10.0,1565.069528134932,3296.128095638336,7.207647764092598,0.9732922338602129,5.9288567969867305,307.83175197507586
2024-01-13 11:00:00,22.5,10.0,1633.7962303050977,3361.2633243184746,7.344063479564629,0.9736059181831078,5.899525799113527,308.3105230045824
2024-01-13 12:00:00,22.5,10.0,1680.3395251219831,3344.301217583965,7.270747100612814,0.9887341360578343,5.73906490230242,308.47115857325025
2024-01-13 13:00:00,22.5,10.0,1575.436655206132,3344.314640964744,7.544179259461505,0.9894460760167979,5.678869828696843,308.48126306489064
2024-01-13 14:00:00,22.5,10.0,1654.453171688902,3352.1257104155443,7.401864167280196,1.014818942703249,5.770538061976643,307.388842884696
2024-01-13 15:00:00,22.5,10.0,1616.7119011949123,3367.4075873573147,7.135338085757549,0.9955348746805585,5.919684299064553,308.0344701600502
2024-01-13 16:00:00,22.5,10.0,1626.4473633833547,3187.637671381068,7.425917253749247,1.007223174102955,5.933987915825827,307.3408863652408
2024-01-13 17:00:00,22.5,10.0,1595.1615938571674,3305.1760849268408,7.2139869330980515,1.0075195232190957,5.6927387186549065,309.37315892945514
2024-01-13 18:00:00,22.5,10.0,1619.589494905605,3185.68434515375,7.242919129740303,1.0160953544559619,5.737700546415051,307.35256236799216
2024-01-13 19:00:00,22.5,10.0,1673.9285600216178,3334.7935750168645,7.37343396269358,1.0540343448025926,5.7675701237689685,307.62607989056505
2024-01-13 20:00:00,22.5,10.0,1651.5343991311536,3333.525580123146,7.255346958920951,1.042220287367025,5.8100935114803685,307.6296995725792
2024-01-13 21:00:00,22.5,10.0,1690.0990045842773,3405.0021986493007,7.458226173420765,1.0306469113475933,5.692208248078112,307.4016697616385
2024-01-13 22:00:00,22.5,10.0,1672.9783044225835,3415.921192541269,7.213847844910263,1.0224934426895145,5.684903901792391,308.8262969548783
2024-01-13 23:00:00,22.5,10.0,1649.8270969410012,3351.592188004157,7.236616299858349,1.0247298532527234,5.754868326769215,309.3612239505417
2024-01-14 00:00:00,9.0,18.0,1692.711513933487,3303.700120258426,7.231298169782575,1.0418143228617638,5.861169026005776,307.9121254403437
2024-01-14 01:00:00,9.0,18.0,1650.931849788318,3370.128622073691,7.244681243551986,1.048471203458353,5.712953397347401,307.4897884265778
2024-01-14 02:00:00,9.0,18.0,1664.3816290917039,3302.8623385455035,7.488741574442404,1.0188417318385667,5.837595469784156,307.031537250637
2024-01-14 03:00:00,9.0,18.0,1628.108067692481,3338.116858787464,7.41987760312979,1.0397250777117166,5.975070193310731,308.02794564073895
2024-01-14 04:00:00,9.0,18.0,1640.4333267270233,3403.8951499711966,7.578404561800483,0.9979560085844505,5.69891326688101,307.99181728841927
2024-01-14 05:00:00,9.0,18.0,1615.7221602837808,3300.429335787949,7.66022859749124,1.0458485954551058,5.8271701701481815,307.8243519368199
2024-01-14 06:00:00,9.0,18.0,1671.2436745964246,3390.794945331012,7.176923027334954,1.0585025826275922,5.971349184320417,308.2606876269881
2024-01-14 07:00:00,9.0,18.0,1600.3300116623022,3381.3471882036797,7.3384145007980655,1.037885901666337,5.802586552772335,308.3475865714077
2024-01-14 08:00:00,9.0,18.0,1664.6632358393558,3271.3604936779957,7.155826579028818,1.08276026784169,5.7845325421004254,308.31154162896894
2024-01-14 09:00:00,9.0,18.0,1632.754796197999,3398.657910515312,7.214378500227657,1.0273848882833203,5.987998653296273,307.99193756401576
2024-01-14 10:00:00,9.0,18.0,1677.3093312780688,3378.749400001717,7.236144886938535,1.0513282729640976,5.81616764704115,307.59918908521286
2024-01-14 11:00:00,9.0,18.0,1663.3711492542134,3337.2585014659844,7.173702786780941,1.0469270821240746,5.981481434912504,308.48291654890335
2024-01-14 12:00:00,9.0,18.0,1698.2023183025358,3277.81422850914,7.174638586446121,1.0464185985771075,5.902640703501618,308.1562568797107
2024-01-14 13:00:00,9.0,18.0,1662.196720566453,3269.327417336808,7.307847489722992,1.0469093781436616,5.812546805500897,308.5941787624173
2024-01-14 14:00:00,9.0,18.0,1586.4115500304804,3288.5191697600744,7.150829906833414,1.052287496700525,5.90910005499024,308.5450377747361
2024-01-14 15:00:00,9.0,18.0,1635.3173671012814,3357.9539847104634,7.452817304943875,1.0685307428294541,5.890754061588863,307.43911896547644
2024-01-14 16:00:00,9.0,18.0,1598.6882596564958,3255.9802964604737,7.195034489646275,1.0802985897092112,5.97307181106637,307.43288889627115
2024-01-14 17:00:00,9.0,18.0,1619.6023299546919,3345.8566647747252,7.741641528418119,1.0518458218528906,5.789694228248782,307.7722296406297
2024-01-14 18:00:00,9.0,18.0,1685.477931620462,3231.8439865705395,7.263805393381241,1.0695645880946265,5.859077301552297,307.62186729585466
2024-01-14 19:00:00,9.0,18.0,1656.3084775716707,3297.8741767675447,7.3407463712239895,1.0380852774219944,5.847430528403624,308.52762588798805
2024-01-14 20:00:00,9.0,18.0,1611.9944431484184,3315.8151161062974,7.140493934933841,1.0694060919503356,5.937491858599424,308.3256548379939
2024-01-14 21:00:00,9.0,18.0,1601.0769795050855,3467.3301040611477,7.580750753165155,1.0375730534843441,5.735400551342328,308.69959199689265
2024-01-14 22:00:00,9.0,18.0,1634.6164799076391,3211.764768022827,7.494971165776785,1.0769316144553809,5.975007987396787,308.34824340870546
2024-01-14 23:00:00,9.0,18.0,1593.1291579092638,3396.923127401674,7.374586098450531,1.1008164744320352,5.910984633276162,308.25432479093666
2024-01-15 00:00:00,9.0,18.0,1610.2439493007053,3306.6636321001315,7.133795593711237,1.0518526996121758,5.702586940167576,308.74986489017203
2024-01-15 01:00:00,9.0,18.0,1641.6091215984152,3320.8581840937845,7.362380663971678,1.0083585850420078,5.998893737555032,308.3848636698675
2024-01-15 02:00:00,9.0,18.0,1668.3704800749883,3298.5382548560015,7.167270098346151,1.0431766816642227,6.119610503661289,308.1840504817188
2024-01-15 03:00:00,9.0,18.0,1649.7873075918556,3316.9644111011808,7.546367392344142,1.080819756554915,5.975791916534156,308.8902265169653
2024-01-15 04:00:00,9.0,18.0,1554.5254539363561,3274.5991497887276,7.450811351947272,1.066553353709318,6.026178734204314,308.2075904415764
2024-01-15 05:00:00,9.0,18.0,1638.3312591480224,3377.109873604728,7.346362769730256,1.0601510159437393,5.869544650390885,307.997829697541
2024-01-15 06:00:00,9.0,18.0,1629.9924235598164,3248.734378946511,6.975285646252185,1.0761571199470188,5.665398525010364,307.73108837061113
2024-01-15 07:00:00,9.0,18.0,1640.339669309312,3349.8498296801085,7.188576647756277,1.0650378351004912,5.64458111745348,308.5015127295227
2024-01-15 08:00:00,9.0,18.0,1678.6579052177246,3230.522227533461,7.433882800827302,1.0804105855456223,5.89126620337171,308.7685252709212
2024-01-15 09:00:00,9.0,18.0,1558.249331115871,3265.805927091724,7.511116270062189,1.0739872169342446,5.792600223696554,308.1247062992833
2024-01-15 10:00:00,9.0,18.0,1605.3345425236728,3196.780301101061,7.496121972463392,1.086523804655435,5.755422633592003,308.8039578118899
2024-01-15 11:00:00,9.0,18.0,1642.9534304897204,3293.621295510128,7.100146499674957,1.0618044975761538,5.85597243679169,307.1649924840142
2024-01-15 12:00:00,9.0,18.0,1571.6512789876892,3355.2996212119565,7.378091585527905,1.0730974639993454,5.936212256423114,308.122273312596
2024-01-15 13:00:00,9.0,18.0,1670.1047892416993,3253.1665514464225,7.483024959582236,1.0472862803246568,5.694316102235636,308.12995254394775
2024-01-15 14:00:00,9.0,18.0,1633.3969283739464,3242.5815688574357,7.091019330244879,1.0408018961008614,5.812773281101268,307.7865028137963
2024-01-15 15:00:00,9.0,18.0,1648.1299357580358,3180.1187847265005,7.333316876413034,1.0891112220211001,6.043301189453143,309.3419305189909
2024-01-15 16:00:00,9.0,18.0,1601.4337410650974,3234.9861417798475,7.374848693629492,1.057372856422374,5.740727461548455,308.1169036836556
2024-01-15 17:00:00,9.0,18.0,1645.5323327444248,3143.7458586174325,7.29075575803884,1.0693946700763393,5.9697231001908415,307.9461346141978
2024-01-15 18:00:00,9.0,18.0,1653.0190198605048,3185.2858589218245,7.063359661728259,1.0546626231142464,5.811528882808559,308.1629810567167
2024-01-15 19:00:00,9.0,18.0,1625.2292271432807,3256.599653977716,7.2874882330155275,1.0393039426908772,5.93326783713649,307.1485931307371
2024-01-15 20:00:00,9.0,18.0,1624.5425482158068,3324.759262979205,7.287444430666324,1.0514274143109785,5.998817940084037,307.7700660373275
2024-01-15 21:00:00,9.0,18.0,1624.9755153689218,3418.608364391012,7.313930187625427,1.0809060370906585,5.957833398588275,308.6416199847227
2024-01-15 22:00:00,9.0,18.0,1587.6235750231551,3196.2974607635756,7.253172662229141,1.061901536747447,5.978374471438777,307.8355273225336
2024-01-15 23:00:00,9.0,18.0,1610.0433130694764,3324.536917584886,7.271031382458519,1.013794508074582,5.737182585543615,307.73556241859984
2024-01-16 00:00:00,9.0,18.0,1609.1811882984048,3245.072764835934,7.330389374465679,1.0446749096499304,6.00408909638717,308.8047628182572
2024-01-16 01:00:00,9.0,18.0,1625.7811883440208,3217.1706226204274,7.4013184537155,1.0860155264221973,5.773943515767023,308.8201272004759
2024-01-16 02:00:00,9.0,18.0,1644.9712905617898,3252.4713465121026,7.291909601456159,1.0435785086790623,5.905473706943044,308.40849523608057
2024-01-16 03:00:00,9.0,18.0,1577.915151938556,3226.2419730400625,7.276647241171365,1.0097453499342162,5.906193729865458,307.92244133298067
2024-01-16 04:00:00,9.0,18.0,1607.3433926906391,3227.078347567626,7.350485455008897,1.0864837189430039,5.933741613565919,308.03026446744184
2024-01-16 05:00:00,9.0,18.0,1658.4329637375788,3191.4459011623157,7.055228513143086,1.0604938427785413,5.917220082788622,307.7479250192125
2024-01-16 06:00:00,9.0,18.0,1586.1098698363794,3125.6037050658483,7.4072828924530745,1.0440993806294705,5.779299598126279,307.65261344048565
2024-01-16 07:00:00,9.0,18.0,1582.940817482196,3114.1424666134726,7.33736760054376,1.0371322576590996,5.720683305266549,307.62779175584575
2024-01-16 08:00:00,9.0,18.0,1615.278289761667,3253.1675626606034,7.343443437638228,1.066811791458118,5.98291989639927,307.8409727966074
2024-01-16 09:00:00,9.0,18.0,1635.2964361871916,3191.3575867364516,7.478777575113161,1.032193769085436,5.903107504504429,307.6326395046576
2024-01-16 10:00:00,9.0,18.0,1607.8838229472713,3168.8226923894417,7.051355158434967,1.066734033938857,6.017396563679603,307.3681474407284
2024-01-16 11:00:00,9.0,18.0,1649.61259522494,3205.5771930613255,7.048426109834397,1.0533520892543067,5.877855461701353,308.2597013348769
2024-01-16 12:00:00,9.0,18.0,1633.8217045609283,3253.966877462383,7.378455227018879,1.0463988529523913,5.718704216288299,308.2672977904467
2024-01-16 13:00:00,9.0,18.0,1632.7326298109244,3212.6358775406616,7.337383746892078,1.043567824421497,5.9987342670082535,309.0003963792141
2024-01-16 14:00:00,9.0,18.0,1622.8968172887028,3157.1923914862405,7.3635614471554085,1.0361235016994637,5.842382537286383,307.8158308158226
2024-01-16 15:00:00,9.0,18.0,1679.2220513553486,3275.6995495174115,7.270909757285289,1.0606987158188101,5.9272188328664654,308.2980502948116
2024-01-16 16:00:00,9.0,18.0,1597.3708653491078,3296.3550540614324,7.436402855379499,1.0201993439131192,5.811684037752989,308.3063562896374
2024-01-16 17:00:00,9.0,18.0,1539.1374927139893,3225.201132046491,7.475934179250389,1.0036998363525371,6.082573913694921,308.0230812194372
2024-01-16 18:00:00,9.0,18.0,1654.2540842857295,3253.9818990470526,7.410229758699308,1.0492584496777282,5.78664306133934,308.5221667943748
2024-01-16 19:00:00,9.0,18.0,1587.609023354553,3269.3116026867856,7.301049298259686,1.0487551876208254,5.851141468473583,308.53761459342536
2024-01-16 20:00:00,9.0,18.0,1605.188743978515,3260.4137278864414,7.0300931505988045,1.0447670178672017,5.904560602995443,308.3137055475988
2024-01-16 21:00:00,9.0,18.0,1643.133892142735,3225.798400094239,7.452540854553921,1.0423959135224492,5.764184842793825,308.0221801474761
2024-01-16 22:00:00,9.0,18.0,1549.3747078831307,3223.114666147913,7.519107709064825,1.0264675148764557,5.932882783661821,307.9712349457227
2024-01-16 23:00:00,9.0,18.0,1560.0908859197941,3216.4558382819428,7.4345227721492355,1.0484631863108127,6.084983938659069,307.4661230506014
2024-01-17 00:00:00,9.0,18.0,1548.404236369221,3111.941204737726,7.210907992625036,1.0303725653981735,5.83813203406826,307.74704111069116
2024-01-17 01:00:00,9.0,18.0,1573.728175490777,3224.7693409963094,7.439091196800736,1.0203701939238254,5.943600911163365,307.8389962380491
2024-01-17 02:00:00,9.0,18.0,1612.6833266353538,3092.465908865829,7.4666407672952335,1.0230742020189048,5.573708485708162,307.5880141187853
2024-01-17 03:00:00,9.0,18.0,1614.8888404102868,3126.655464843242,7.569289825552835,1.07014208871058,5.894481784035455,308.3699619833438
2024-01-17 04:00:00,9.0,18.0,1606.4764426435215,3258.4556935672013,7.211949314477663,0.9919857784085597,5.863180791352227,308.74831393449347
2024-01-17 05:00:00,9.0,18.0,1552.041220995816,3227.5457185132095,7.30745434727327,1.0369691677719464,5.804569175198549,307.6959687838354
2024-01-17 06:00:00,9.0,18.0,1522.9268652178705,3267.1589490207875,7.4505400898411125,0.991313243627954,6.029885441386888,308.2917207178723
2024-01-17 07:00:00,9.0,18.0,1597.9673051731438,3154.1407232371294,7.349382551602575,1.0225887867672767,5.8647674165009835,307.6329444302351
2024-01-17 08:00:00,9.0,18.0,1580.716189872558,3096.94318331652,7.177029752720566,1.0149672185218195,5.883391551247805,307.9975389145304
2024-01-17 09:00:00,9.0,18.0,1609.978024789193,3153.4076793357403,7.402075410906297,0.9802244923644933,5.860867539220864,307.8048352104111
2024-01-17 10:00:00,9.0,18.0,1617.2651565645058,3173.7828915933264,7.4262832903612725,1.0298562969826746,5.680055928423341,308.45094782430317
2024-01-17 11:00:00,9.0,18.0,1598.8431655743118,3171.020926041108,7.35435509583119,1.013164992461605,5.773818933669718,307.8106059130789
2024-01-17 12:00:00,9.0,18.0,1618.2343394095258,3236.499891481155,7.373799105505884,0.9771172625105328,6.02221910277286,308.6558302068533
2024-01-17 13:00:00,9.0,18.0,1600.8791689125044,3140.6348392455006,7.303686583457798,1.0360559585292355,5.660342169923859,308.02713961316886
2024-01-17 14:00:00,9.0,18.0,1610.0419802789108,3184.529361699607,7.558852039016318,1.0471642437898825,5.82022219471191,307.82519814520253
2024-01-17 15:00:00,9.0,18.0,1570.2899232792456,3098.558542233678,7.209645058951377,1.0472538529493514,5.86464064077133,307.5233473688274
2024-01-17 16:00:00,9.0,18.0,1586.607595782303,3188.3386868709604,7.255770202023175,1.0232323000742554,6.119196146634533,308.2766022551477
2024-01-17 17:00:00,9.0,18.0,1598.1889462736426,3158.917732647023,7.343735837987111,1.0158614146291434,6.0050033171597725,308.5976092011131
2024-01-17 18:00:00,9.0,18.0,1617.6437582697433,3110.233282690884,7.471301114938391,1.0408424665482692,5.849274887748469,308.2866606282684
2024-01-17 19:00:00,9.0,18.0,1578.6036740180768,3141.5833397251004,7.122454342946193,1.0469703756662212,6.070649610673083,309.2694158332072
2024-01-17 20:00:00,9.0,18.0,1607.3276928951896,3143.7556123308163,7.150029069343457,1.0348046149586736,5.829757788362144,308.8648937262352
2024-01-17 21:00:00,9.0,18.0,1581.9098765508652,3137.264022203041,7.043306816205431,0.991801010686714,6.037950479287076,307.99623611764144
2024-01-17 22:00:00,9.0,18.0,1586.2517854161395,3264.9663314049585,7.347453846540986,1.0138702661345629,5.758732192330267,307.99098628309645
2024-01-17 23:00:00,9.0,18.0,1615.9914239252805,3146.01986348432,7.178525412009123,1.0176361307829083,6.047813864980576,308.38484835974265
2024-01-18 00:00:00,9.0,18.0,1525.9041552058648,3135.844967928677,7.286380927635395,0.9712584171195864,5.8737375593367895,307.7309904097871
2024-01-18 01:00:00,9.0,18.0,1547.6944622495118,3018.0772623630005,7.440083456731972,1.0161395588052937,5.801119345210643,308.7331441532662
2024-01-18 02:00:00,9.0,18.0,1541.4483895286592,3092.933674522207,7.248834363565613,1.0513624580951277,5.89834593304879,308.33080026092176
2024-01-18 03:00:00,9.0,18.0,1514.0641127619485,3131.7391104602284,7.377115416246775,1.0174575691094163,5.958060164290287,308.27822945542925
2024-01-18 04:00:00,9.0,18.0,1566.3039612909395,3104.1983498098807,7.29928182164332,1.0331247214055628,5.867675355452729,308.4934768338854
2024-01-18 05:00:00,9.0,18.0,1611.2979355792886,3233.406348314204,7.442049456252195,1.0061690677495232,5.993110646734261,309.0114149416845
2024-01-18 06:00:00,9.0,18.0,1578.1248385352555,3135.184102899196,7.413212533241784,0.9999831557636149,5.859439524308946,308.23547767609375
2024-01-18 07:00:00,9.0,18.0,1593.1146333022728,3225.7172078690296,7.24189822546436,1.0080245012648732,6.003265602361109,308.09347981456426
2024-01-18 08:00:00,9.0,18.0,1621.0726214443703,3147.7012934058544,7.318843097023119,0.9830352495914604,5.983276937579744,308.90435981166127
2024-01-18 09:00:00,9.0,18.0,1628.3094444174242,3145.318185798739,7.497001524628053,0.9790423146438371,5.924724599331273,308.63377520799554
2024-01-18 10:00:00,9.0,18.0,1583.6805431566067,3136.5713229522116,7.40156842207359,1.022483278815725,5.880708958831944,307.9895100798081
2024-01-18 11:00:00,9.0,18.0,1628.4849976918551,3141.580245323133,7.138695518504824,1.0235108560593613,5.952202588782909,308.1525932243295
2024-01-18 12:00:00,9.0,18.0,1588.1741390503903,3248.5074847352766,7.440260485026321,0.9753849667928386,6.000670183756195,308.2476904579694
2024-01-18 13:00:00,9.0,18.0,1558.405047400705,2994.110064824126,7.184739881374725,1.0132954042952254,6.181283292382797,308.33090647230244
2024-01-18 14:00:00,9.0,18.0,1565.8121504490293,3013.352094470314,7.551605853191578,0.9912636322208327,6.049181188555269,307.4717000745304
2024-01-18 15:00:00,9.0,18.0,1537.4415451917152,3104.171343094017,7.4946387983367115,0.998671751156761,6.054683333166058,307.37875769609917
2024-01-18 16:00:00,9.0,18.0,1555.927382738101,3138.444635105156,7.38687634233905,0.9999904425211306,6.306806989672142,307.70630498899874
2024-01-18 17:00:00,9.0,18.0,1572.4374782195366,3180.1120658904897,7.367472209487645,1.0094941974141052,6.002343521221392,307.6676307784943
2024-01-18 18:00:00,9.0,18.0,1608.9446038501364,3165.7897831193836,7.313751468070109,0.990385526544958,5.9997733525184165,307.82808799301375
2024-01-18 19:00:00,9.0,18.0,1637.7034374270504,3111.3348704819987,7.44420321123491,1.0155461117924443,6.027000620182268,308.467355321045
2024-01-18 20:00:00,9.0,18.0,1539.1833623678772,3198.647540701909,7.290147232928344,0.9927363386725038,5.824502731951143,308.0655354218376
2024-01-18 21:00:00,9.0,18.0,1595.1050138730782,3198.6752077048495,7.379291703300062,0.9978757697211427,5.892814075267006,308.24819730250505
2024-01-18 22:00:00,9.0,18.0,1549.4723567988217,3144.9910940044924,7.4728462839557785,0.9681071549989798,5.88654007030325,307.53784829497886
2024-01-18 23:00:00,9.0,18.0,1597.1609532646212,3193.142540322369,7.262310006941239,1.0259163404080853,6.02492220149352,307.9191788985395
2024-01-19 00:00:00,9.0,18.0,1577.733282835362,3149.2881558138615,7.254393283598787,0.9916325307792323,5.928302841086799,308.4436288308724
2024-01-19 01:00:00,9.0,18.0,1523.7084352501008,3096.437512374219,7.169531384950454,0.9953405279536267,5.96661823009844,308.44747622908835
2024-01-19 02:00:00,9.0,18.0,1610.7318013728086,3174.71056017433,7.1886824910374285,0.9487631508015081,6.080747992655398,307.78771308590603
2024-01-19 03:00:00,9.0,18.0,1561.991667623109,3137.359803232483,7.076529344328932,0.963128371411075,6.055213021158949,308.2308311931898
2024-01-19 04:00:00,9.0,18.0,1563.997295796277,3129.9521405297123,7.452409453311227,1.0024078736742223,5.934342698076611,309.24942392674114
2024-01-19 05:00:00,9.0,18.0,1546.8182152506154,3221.5009940395757,7.611002493420576,0.9827477562224,5.87494967125167,308.14120103537215
2024-01-19 06:00:00,9.0,18.0,1559.716922396276,2975.407924389986,7.554721435292944,0.9387331825293892,6.091117477357444,307.80340652692877
2024-01-19 07:00:00,9.0,18.0,1593.6850253391524,3039.545002021786,7.106513283725288,0.9952958963248465,6.049231432519314,308.0631188053189
2024-01-19 08:00:00,9.0,18.0,1573.9505628415486,3053.467075705615,7.451951908413219,0.9634117293526857,5.766765797667661,308.1960885537634
2024-01-19 09:00:00,9.0,18.0,1590.085553533467,3104.4965987089136,7.554451627428026,1.0004263277176517,5.921992426755961,308.0744158096547
2024-01-19 10:00:00,9.0,18.0,1590.9093136477215,3110.798778620794,7.278482616187473,0.9702163617828224,5.980190026136291,308.1343226496617
2024-01-19 11:00:00,9.0,18.0,1620.9673184543708,3031.9905189681836,7.360560810289788,0.9748615489646208,6.054463230716449,307.42827660153154
2024-01-19 12:00:00,9.0,18.0,1568.20953751026,3064.1741346536633,7.05073106289777,0.9927200282191732,6.071278237937366,307.668684762457
2024-01-19 13:00:00,9.0,18.0,1532.185065829597,3071.4903105593908,7.384968925328545,0.9514292579647208,5.99774991435587,308.07533238146425
2024-01-19 14:00:00,9.0,18.0,1612.3003051731532,3278.4264203054827,7.189587336384577,0.9485722455833066,6.034848277848836,308.06736601498875
2024-01-19 15:00:00,9.0,18.0,1567.9313755312035,3236.9896213183833,7.375232320735651,0.9629630006310393,5.973822170504884,307.86690536257
2024-01-19 16:00:00,9.0,18.0,1613.3693811447793,3098.2437869619152,7.116590964865756,0.9817144525628831,5.8868882615585045,308.06149320696176
2024-01-19 17:00:00,9.0,18.0,1590.083672240028,3100.8335250139303,7.425777241228103,0.9390376897395397,5.937263253601317,308.1805074277071
2024-01-19 18:00:00,9.0,18.0,1573.6449084218577,3051.3515777530947,7.496601111287163,0.9315475784586084,5.97185717552814,308.5947067282622
2024-01-19 19:00:00,9.0,18.0,1588.5889562003206,3003.5590002987487,7.231068263650265,0.9785408674387548,5.966587631472858,308.10039413238695
2024-01-19 20:00:00,9.0,18.0,1638.9388168520682,3115.0377776347536,7.179150453743056,0.950071049160139,5.746659430038996,308.3495516026491
2024-01-19 21:00:00,9.0,18.0,1642.711771869465,3059.646919875046,7.02947348161016,0.9531226511544979,5.92552158323738,307.879199849283
2024-01-19 22:00:00,9.0,18.0,1579.1936310829844,3116.2788544331893,7.307158789566809,0.9240141071579474,5.980857604539906,308.43604786179924
2024-01-19 23:00:00,9.0,18.0,1581.869497472228,3021.317949523098,7.260904066044086,0.945630528087574,5.941652969823993,308.33786514880615
2024-01-20 00:00:00,10.0,7.0,1608.4534069930066,3067.4634557248987,7.119034549624862,0.9566668408242608,5.9477298433256784,308.5829085015899
2024-01-20 01:00:00,10.0,7.0,1547.5544204107725,3122.02077972443,7.413871210533619,0.9727656781709159,6.037520604791163,308.5067302312222
2024-01-20 02:00:00,10.0,7.0,1583.785587092692,3132.684547654321,7.281505014933386,0.9384771847145925,5.852013611406835,308.44436781144054
2024-01-20 03:00:00,10.0,7.0,1571.2384477964667,3132.3408112777342,7.189858950200141,0.9828782282742492,5.788182927405918,308.1007912956711
2024-01-20 04:00:00,10.0,7.0,1580.3508661081337,3020.3593792381253,7.266772614474469,0.9364694969619025,5.943241550103548,308.2724696135222
2024-01-20 05:00:00,10.0,7.0,1542.5248410118181,3150.5343023953687,7.506075961404502,0.9345940635495287,6.078348423405367,308.6817544642257
2024-01-20 06:00:00,10.0,7.0,1516.815056476189,3042.8149760886504,7.437618603345421,0.9746140282362895,6.190944896780193,307.8239627152986
2024-01-20 07:00:00,10.0,7.0,1499.5019591603348,3125.5330560225466,7.330292591673593,0.9474546356049935,6.084513934214189,307.83579611065153
2024-01-20 08:00:00,10.0,7.0,1526.9988748300898,3079.4365091353748,7.440849117653738,0.9309082103358617,5.816837137516455,308.2407156989752
2024-01-20 09:00:00,10.0,7.0,1544.9592980744144,2988.605620164273,7.179650422421613,0.9361303286055948,5.967004280650487,308.3576398451327
2024-01-20 10:00:00,10.0,7.0,1547.321031734112,3046.444133133763,7.3555695432795485,0.9620386629022324,6.027723993401221,307.737946750368
2024-01-20 11:00:00,10.0,7.0,1613.655451072105,3080.354621445546,7.372997462020177,0.9616339361771792,6.020363429559221,308.11261871829333
2024-01-20 12:00:00,10.0,7.0,1584.6235078347734,3087.1566199807035,7.282805035053217,0.9164668182886304,6.065931148256071,308.1030006128856
2024-01-20 13:00:00,10.0,7.0,1517.28017172835,3032.572508479849,7.416496556299913,0.9282478347591461,5.893272959733854,307.04235994219823
2024-01-20 14:00:00,10.0,7.0,1554.3655241576373,3125.0767173792383,7.238284925412656,0.9279586247477858,6.013393510385279,308.0402030053706
2024-01-20 15:00:00,10.0,7.0,1527.5504890881784,3083.826998907308,7.428647959044421,0.9052304619269546,6.058342376580037,308.07134108357576
2024-01-20 16:00:00,10.0,7.0,1527.6962261769634,2997.908589618646,7.435462524948552,0.919484344506916,6.109361636627488,308.06985352858845
2024-01-20 17:00:00,10.0,7.0,1538.3581970628186,3048.666783106805,6.925818857296835,0.9175820462388649,5.91553491442411,308.8579571372886
2024-01-20 18:00:00,10.0,7.0,1547.7611659486922,3109.416927359367,7.530683434157777,0.9352247685573704,5.9732375264718565,307.54210085074556
2024-01-20 19:00:00,10.0,7.0,1514.5534842851885,3100.4812097295144,6.907848631670192,0.9331833190069786,5.691739861494464,307.7376887143977
2024-01-20 20:00:00,10.0,7.0,1553.2613400507498,2900.2042558427047,7.266246829689279,0.9019296709605371,5.944699421269539,306.8439021008403
2024-01-20 21:00:00,10.0,7.0,1482.198736980008,2907.942883140708,7.508436884447179,0.9006897650277996,5.958777620756214,307.9095416669129
2024-01-20 22:00:00,10.0,7.0,1512.9225932111692,3040.0652580383353,7.31153005332425,0.9131147117964286,5.901535661902056,307.952178222937
2024-01-20 23:00:00,10.0,7.0,1586.953500068871,2879.597747510782,7.1431023133513385,0.8871508029939574,6.046815274304396,307.89501141183285
2024-01-21 00:00:00,10.0,7.0,1511.1021508778447,2853.7723113329325,7.198573137288633,0.9046337669123868,6.022599661189729,308.70383866974186
2024-01-21 01:00:00,10.0,7.0,1543.1773696647008,2892.3341500719025,7.511395248849122,0.8889328008985246,5.75931583812948,308.58030876116845
2024-01-21 02:00:00,10.0,7.0,1498.6799145902662,2934.622168643424,7.078016590283257,0.8696387903146529,6.06040651748764,308.18892836213365
2024-01-21 03:00:00,10.0,7.0,1509.020885481198,2893.671297700602,7.527783035662063,0.8662138972575671,5.924868409291732,307.96469347323006
2024-01-21 04:00:00,10.0,7.0,1485.7493896946833,2851.4963695755373,7.354107166307966,0.9047943877029019,6.098194996881415,308.6630948340534
2024-01-21 05:00:00,10.0,7.0,1478.1257990798658,2839.7931482913705,7.187287613717385,0.8727907087852511,5.887219110800488,308.14012107008205
2024-01-21 06:00:00,10.0,7.0,1455.8691408195077,2827.3243837664327,7.277652530272161,0.9002677463550874,6.0483583182632055,307.7408649805407
2024-01-21 07:00:00,10.0,7.0,1487.3670893860967,2807.56027717663,7.214353967382526,0.8588567656619788,6.013108276864965,307.2918756612577
2024-01-21 08:00:00,10.0,7.0,1445.3947002532154,2977.489072272833,7.4924063909647005,0.8688647308505576,6.0866715908501785,307.92934275305214
2024-01-21 09:00:00,10.0,7.0,1485.7303731303393,2854.2307420238667,7.473341929742601,0.9010084799409065,6.067745385817642,308.5273218085863
2024-01-21 10:00:00,10.0,7.0,1493.738702316102,2877.3783078434476,7.112806829249751,0.8377565731287222,6.024415508974804,309.28826934477155
2024-01-21 11:00:00,10.0,7.0,1468.5034735426643,2789.663488590878,7.307234074417,0.8194889174651254,5.871862059864044,308.1808051730947
2024-01-21 12:00:00,10.0,7.0,1445.328779288282,2796.8626939423752,7.240123179245356,0.8695725004955259,5.881629238861025,307.76732224243983
2024-01-21 13:00:00,10.0,7.0,1462.6699151128291,2757.5672917199804,7.558525742991178,0.8297190407021179,5.992581308597642,307.5575173958579
2024-01-21 14:00:00,10.0,7.0,1436.4710063564326,2639.9372295818907,7.169550071810418,0.8392113091907449,6.065093838256402,308.42597744815276
2024-01-21 15:00:00,10.0,7.0,1468.2749443476207,2701.622775547273,7.605539650275217,0.8256370497559705,5.994990639458391,307.26769197380787
2024-01-21 16:00:00,10.0,7.0,1384.6050485018568,2668.4468693489694,7.364779947424267,0.8357341833700352,6.147464803565495,308.4251725507024
2024-01-21 17:00:00,10.0,7.0,1423.6014746560443,2635.1831504244064,7.198986381478832,0.811383887789123,6.0403579185676035,308.55885580313145
2024-01-21 18:00:00,10.0,7.0,1372.3195273778108,2684.3445444995978,7.270986074512721,0.8199631250327835,5.95973222398946,308.3681397266164
2024-01-21 19:00:00,10.0,7.0,1382.6460020454854,2813.592252979793,7.253204176668434,0.826093758984991,6.0459519237188974,308.0401691640307
2024-01-21 20:00:00,10.0,7.0,1460.103863507316,2729.517907955043,7.184005952617804,0.7980944652565004,6.109995120012237,308.4324703267734
2024-01-21 21:00:00,10.0,7.0,1442.8160805090617,2793.337290942686,7.3864566263244456,0.7989567302599462,6.1248160041489355,308.2354691855641
2024-01-21 22:00:00,10.0,7.0,1393.237506795265,2736.588015410935,7.191937701334322,0.8004757931343162,6.3167489746481875,307.76093807906966
2024-01-21 23:00:00,10.0,7.0,1367.3900457937993,2747.969396435641,7.051989560270366,0.7789294772956235,6.009315997817994,309.0752061611875
2024-01-22 00:00:00,10.0,7.0,1322.6033199456049,2648.492606307098,7.318048902644635,0.7908642644940593,6.0846112499923395,307.9741603101947
2024-01-22 01:00:00,10.0,7.0,1386.9682095764465,2716.848111451489,7.108644628003071,0.7952479516072228,6.148290480408751,308.5378761502249
2024-01-22 02:00:00,10.0,7.0,1466.1912579407913,2719.4419490894325,7.264102279696695,0.7828126757797123,6.0962473260830725,306.94069285865214
2024-01-22 03:00:00,10.0,7.0,1406.9430024978392,2641.3814184906,7.241432607349405,0.7806129945315184,6.0407811844696955,308.78823544139044
2024-01-22 04:00:00,10.0,7.0,1375.5973269815931,2693.9537872599535,7.247492537042821,0.7803167735270533,5.915493315735685,308.88438187232725
2024-01-22 05:00:00,10.0,7.0,1400.4645197017082,2686.2751521490886,7.671686951739918,0.7662012937600372,6.045020271472867,308.1649168935633
2024-01-22 06:00:00,10.0,7.0,1340.7790152971609,2619.2618237202782,7.38527051750665,0.7828139920844337,5.978978007866258,308.42938551736887
2024-01-22 07:00:00,10.0,7.0,1372.241332701118,2581.361482159996,7.413605116302124,0.7899582003206574,5.90186455063465,308.4292575908038
2024-01-22 08:00:00,10.0,7.0,1379.6901223406596,2570.703059959408,7.11572610298955,0.756578792112799,6.018402959857569,307.8286082151796
2024-01-22 09:00:00,10.0,7.0,1371.1220474570925,2630.11838283022,7.28177971860295,0.7668141640025188,5.990359592912454,308.4235611527196
2024-01-22 10:00:00,10.0,7.0,1391.7288133196605,2635.3262855442686,7.410483001233712,0.7516052653676352,6.192725738102632,307.7456847650637
2024-01-22 11:00:00,10.0,7.0,1376.0884547393591,2569.5553652887475,7.22792642070896,0.7565022409576417,6.197638226283149,307.84562153817734
2024-01-22 12:00:00,10.0,7.0,1381.5348322037914,2605.171223640538,7.513561433211028,0.7701961886212547,6.01601643891404,308.71347157160614
2024-01-22 13:00:00,10.0,7.0,1341.267804697818,2626.3721590653995,7.202425343236897,0.7501709106250849,6.097625874517613,308.63732884535005
2024-01-22 14:00:00,10.0,7.0,1381.0672873229073,2621.822581868273,7.338066269281965,0.7122426225281945,5.90437191953672,307.7968122489421
2024-01-22 15:00:00,10.0,7.0,1397.5490387528841,2663.138603852191,7.29421170840266,0.7409297152085572,6.074366563699765,307.7832118282495
2024-01-22 16:00:00,10.0,7.0,1324.0404175128383,2642.036314802189,7.40535601628102,0.748106575275632,6.186739796755979,307.82720169877115
2024-01-22 17:00:00,10.0,7.0,1323.1417913776331,2518.1548632213053,7.2869126298992075,0.7227415787887281,6.2418084583332645,308.51631978323275
2024-01-22 18:00:00,10.0,7.0,1379.8130608083898,2649.3917871285703,7.341834911714222,0.7362013275357912,6.055619338012696,307.65000760959475
2024-01-22 19:00:00,10.0,7.0,1335.6645180616308,2529.5122666343295,7.347318494402236,0.7078053253292915,6.275244343237886,308.328356319518
2024-01-22 20:00:00,10.0,7.0,1375.2732451347956,2603.63158286487,7.274093731524265,0.6924086083468936,5.962279246492656,308.52342340531715
2024-01-22 21:00:00,10.0,7.0,1322.854733899985,2547.565797507658,7.454491044372074,0.7115291616818123,5.997887491141847,308.1058772748534
2024-01-22 22:00:00,10.0,7.0,1370.4050946292186,2517.0523251327004,7.418393822312717,0.6806757563159135,6.241430874443148,308.65503184843243
2024-01-22 23:00:00,10.0,7.0,1332.1645604094192,2440.3942534941084,7.370428102910573,0.69804446723762,6.362556316285769,307.9978449152551
2024-01-23 00:00:00,10.0,7.0,1332.5671990757462,2517.320206140228,7.320258695672853,0.7153243140631245,6.22025721993109,308.043072199503
2024-01-23 01:00:00,10.0,7.0,1364.1983434608007,2441.53632752707,7.501768935842858,0.6668797337613666,6.157181908177665,307.66137688443405
2024-01-23 02:00:00,10.0,7.0,1310.3651249716168,2563.0126508560334,7.349601474816925,0.6717282553535073,5.894169509181842,308.6585886738101
2024-01-23 03:00:00,10.0,7.0,1292.2692694695597,2584.7985602734047,7.3394248439560075,0.6712483990458216,5.9180256162289115,307.7667397765105
2024-01-23 04:00:00,10.0,7.0,1302.4442746087568,2463.2133793309854,7.400468454105811,0.6805791845183411,6.186121431808281,308.3248859088575
2024-01-23 05:00:00,10.0,7.0,1323.304401238529,2512.692448970261,7.635877186252555,0.6725544395225035,6.1285959091648285,308.114341966437
2024-01-23 06:00:00,10.0,7.0,1267.6945163346365,2456.037199080759,7.1875651799514255,0.6924485025491933,6.038860590551412,307.62360846844416
2024-01-23 07:00:00,10.0,7.0,1322.5914653513157,2455.603590316289,7.49953250627217,0.6824935420384386,6.186169239673865,307.84544842808833
2024-01-23 08:00:00,10.0,7.0,1289.1935566521786,2520.0545725547927,7.106404849286011,0.6724402649664274,6.194925368184384,308.8414361195203
2024-01-23 09:00:00,10.0,7.0,1330.4166547073157,2474.5393090072134,7.418411016932633,0.6639298797906674,6.300097798431141,308.25082877131723
2024-01-23 10:00:00,10.0,7.0,1235.7627920924688,2557.347796046292,7.619243260982472,0.6633584572691551,6.202807997056228,307.64542482931654
2024-01-23 11:00:00,10.0,7.0,1274.918465489794,2442.5674860521362,7.458981998990593,0.6431049746052916,6.3405384718627165,308.30266414367435
2024-01-23 12:00:00,10.0,7.0,1249.1027454228476,2510.621139807147,7.41222321836146,0.6617691419509288,6.192072056202647,308.07694298420273
2024-01-23 13:00:00,10.0,7.0,1268.8233471353738,2461.358764104084,7.304431707610811,0.6324810979704699,6.1793671014220575,309.8770232011221
2024-01-23 14:00:00,10.0,7.0,1293.9854694273727,2490.8173387914053,7.392035845124529,0.6538915770227326,6.328109410310696,308.2925619206711
2024-01-23 15:00:00,10.0,7.0,1280.4934200379068,2425.2082390456094,7.350412550667455,0.6546193090567092,6.077463312920778,307.9596875764668
2024-01-23 16:00:00,10.0,7.0,1276.119461945858,2440.042642152886,7.271722477914511,0.6384602818430487,6.550370516733003,308.86001395889355
2024-01-23 17:00:00,10.0,7.0,1276.089471474314,2432.2747802669082,7.345217934680634,0.6299065409455873,6.2503949502214855,307.22948191635356
2024-01-23 18:00:00,10.0,7.0,1282.9349243733693,2392.7305049495735,7.417551825833386,0.633548071970187,6.253622990230016,308.1971600781905
2024-01-23 19:00:00,10.0,7.0,1249.6112411115273,2461.167779835325,7.275049271109525,0.5891597641651578,6.274062939133809,309.1472142473405
2024-01-23 20:00:00,10.0,7.0,1290.9555343682907,2456.1890507401945,7.269449403740927,0.6251159671486366,6.444543929263552,308.0919003578201
2024-01-23 21:00:00,10.0,7.0,1287.448981663573,2449.1094379289534,7.187754286972207,0.6164216503412007,6.312326209653167,307.2833494776759
2024-01-23 22:00:00,10.0,7.0,1278.0505833779846,2490.435422414296,7.446668940783798,0.6136903216944578,6.016757044391831,307.95204101779467
2024-01-23 23:00:00,10.0,7.0,1280.0746015185605,2481.934149585516,7.46967458904091,0.6194615646884367,6.39332423633211,308.87725902047947
2024-01-24 00:00:00,10.0,7.0,1271.1992002522454,2389.8782449800774,7.42347349731469,0.6064676401469352,6.178799011630471,308.3380347981604
2024-01-24 01:00:00,10.0,7.0,1312.7990495931795,2421.8524531916023,7.532024047556649,0.5901772961966728,6.236988383415425,307.7305719452437
2024-01-24 02:00:00,10.0,7.0,1257.0350285666857,2370.0288054944976,7.402510252697632,0.5988538174068703,6.066779344621232,307.80737859641044
2024-01-24 03:00:00,10.0,7.0,1249.3045399828093,2397.186656858729,7.44759576740802,0.5979900341953336,6.294033972588942,307.87014986442506
2024-01-24 04:00:00,10.0,7.0,1235.933399967728,2363.53979833978,7.434694628669688,0.5952079809133543,6.149711227913516,308.330598942027
2024-01-24 05:00:00,10.0,7.0,1226.82565238647,2465.851305831598,7.3763834358915155,0.5924440148847484,6.245758049529284,308.8190980664693
2024-01-24 06:00:00,10.0,7.0,1219.4282522440371,2402.0945668382346,7.311575954707611,0.5994568694226309,6.200213392042374,308.67621150639957
2024-01-24 07:00:00,10.0,7.0,1226.2504706999052,2370.709411139788,7.717403622228404,0.5713118072538071,6.478170217205514,308.37800609105454
2024-01-24 08:00:00,10.0,7.0,1244.592274895872,2434.2504036221712,7.32345332801945,0.5828140089202941,6.487754041218047,307.48417761997126
2024-01-24 09:00:00,10.0,7.0,1252.607003186502,2270.893255989989,7.291936014005988,0.5924800027414175,6.248497010087299,307.48603374300325
2024-01-24 10:00:00,10.0,7.0,1243.5141565293236,2274.978305127131,7.454606687278087,0.5544873079379865,6.253003396569444,308.4166260106069
2024-01-24 11:00:00,10.0,7.0,1221.2324035446766,2404.709259473225,7.427776641867754,0.5733331817676893,6.200662188118671,307.47726445103353
2024-01-24 12:00:00,10.0,7.0,1260.5126909280252,2366.514288504965,7.182992588667685,0.5615240938891369,6.3878619692957095,308.03721648946566
2024-01-24 13:00:00,10.0,7.0,1254.5224331406584,2372.1535260743294,7.556671044390386,0.560911696610881,6.2107761114650915,308.3020752230931
2024-01-24 14:00:00,10.0,7.0,1230.3411268351008,2294.5301986031577,7.376879124234956,0.5518858865781541,6.201472236121965,307.58120300231866
2024-01-24 15:00:00,10.0,7.0,1216.2522450045062,2352.742931803492,7.226662579072005,0.5571468363742085,6.3788824206877575,307.6378688328206
2024-01-24 16:00:00,10.0,7.0,1243.9237471613453,2444.857588731712,7.566673193326853,0.5765352617366512,6.191296306529154,308.10293946771606
2024-01-24 17:00:00,10.0,7.0,1233.149952945164,2386.2419774686564,7.483502195794094,0.5391171452181732,6.25618099784703,308.401825143762
2024-01-24 18:00:00,10.0,7.0,1191.12811836391,2352.4306885059286,7.204150130767546,0.5373107669274317,6.065047892838153,308.68075938520684
2024-01-24 19:00:00,10.0,7.0,1223.1338287772687,2320.8892868370704,7.653842436132489,0.5330366969497563,6.353571647359108,308.4535267173853
2024-01-24 20:00:00,10.0,7.0,1229.372013911604,2320.0198581683185,7.488574102960391,0.5632332993063646,6.510812261919171,308.18682829749605
2024-01-24 21:00:00,10.0,7.0,1199.1730189660777,2236.08802161389,7.389730634069563,0.5365836909563548,6.360139487125678,307.7769026232215
2024-01-24 22:00:00,10.0,7.0,1223.9787315566405,2344.681592576715,7.626358761964085,0.5385131191703827,6.455231460612579,307.6145465020777
2024-01-24 23:00:00,10.0,7.0,1182.1441061643693,2369.220873860512,7.414873891048922,0.5316995234106384,6.1678498348686635,307.8945614558354
2024-01-25 00:00:00,10.0,7.0,1248.3032669692595,2253.701240788325,7.387212081031658,0.5232032023896888,6.305821677575554,308.35496779249024
2024-01-25 01:00:00,10.0,7.0,1244.37427285902,2293.536428882198,7.293787070265111,0.5280695286529646,6.159854123160054,308.3183118533137
2024-01-25 02:00:00,10.0,7.0,1206.2281400425497,2267.83458386806,7.477442743476997,0.5538372781177948,6.25178521553586,307.10004900713744
2024-01-25 03:00:00,10.0,7.0,1219.448426985328,2274.143445489811,7.4619116077643906,0.5398566269151384,6.37952101968774,307.7571614858662
2024-01-25 04:00:00,10.0,7.0,1150.6934679528722,2318.771739600998,7.393649692515339,0.5136979723854538,6.2973757929307705,308.75225377580307
2024-01-25 05:00:00,10.0,7.0,1179.3761686030587,2217.2606662822363,7.274716185385618,0.5267581095605381,6.109033917774904,308.18960752390205
2024-01-25 06:00:00,10.0,7.0,1198.5650052306078,2339.570168608765,7.410724462604815,0.5088575011679476,6.123311178151048,307.44149554344847
2024-01-25 07:00:00,10.0,7.0,1178.200940221776,2343.486223794652,7.381212281415404,0.4966391502131925,6.116981668745703,309.32791059079904
2024-01-25 08:00:00,10.0,7.0,1219.5852057926793,2294.637227791877,7.194412704171587,0.5228822717302917,6.3546367178675816,308.13552913384257
2024-01-25 09:00:00,10.0,7.0,1248.7772688049329,2189.498111356644,7.173969414307251,0.5217959917817694,6.5546392361038,308.34216697965667
2024-01-25 10:00:00,10.0,7.0,1171.010900890056,2255.553992734252,7.475100657976496,0.5181419595746286,6.468390971020948,308.34976237802255
2024-01-25 11:00:00,10.0,7.0,1177.610358163623,2355.7641312356454,7.00691504724028,0.50036727561977,6.059951486078708,307.9662022669199
2024-01-25 12:00:00,10.0,7.0,1201.7588331967222,2169.1584923597156,7.421919903848488,0.5010567951690643,6.479856522898954,307.7862131590893
2024-01-25 13:00:00,10.0,7.0,1233.0917199671596,2278.548374348657,7.320874356604308,0.5078863842070078,6.4207821760086965,309.21083749253296
2024-01-25 14:00:00,10.0,7.0,1163.920253525567,2238.1643535650146,7.58494238315396,0.5019616139987204,6.1098437304942275,308.65160293480886
2024-01-25 15:00:00,10.0,7.0,1197.5290451148448,2326.913056321135,7.318584097621125,0.49186702101726976,6.268392265001171,308.5609686005543
2024-01-25 16:00:00,10.0,7.0,1233.467306544554,2257.006678650738,7.489013802296275,0.47752718225880925,6.446785477229476,308.43814459585906
2024-01-25 17:00:00,10.0,7.0,1149.3870424303757,2304.2355153673284,7.332831769712152,0.49239331526741753,6.379945096755627,307.64834130481916
2024-01-25 18:00:00,10.0,7.0,1156.7908551420267,2309.4989669478123,7.40830620297932,0.4996245017301774,6.147105272976318,308.78876509587013
2024-01-25 19:00:00,10.0,7.0,1175.732919822203,2365.400493780618,7.500397853003639,0.47523305101963337,6.391390125979855,307.7284336709941
2024-01-25 20:00:00,10.0,7.0,1172.0336051321433,2270.3267820488827,7.323071194135474,0.4909413863596456,6.046121719598441,308.2916433990753
2024-01-25 21:00:00,10.0,7.0,1202.1920698868043,2294.710569558315,7.538746015665676,0.48583113236685965,6.289842209746507,307.3303050472677
2024-01-25 22:00:00,10.0,7.0,1187.294264105636,2208.026429126932,7.244504664306417,0.4877512217297554,6.463680821666762,307.1295705746762
2024-01-25 23:00:00,10.0,7.0,1138.3189528356854,2327.811817632662,7.434922192529546,0.48682531055526396,6.324008037923242,308.3091456013265
2024-01-26 00:00:00,15.0,10.0,1192.7698445469505,2241.4721991564747,7.527326060055962,0.4705042759527924,6.259758154795021,307.7454503664025
2024-01-26 01:00:00,15.0,10.0,1165.9491816493212,2250.064261861644,7.488238840459146,0.46040468075033825,6.4365193042128706,307.15541621435136
2024-01-26 02:00:00,15.0,10.0,1208.9595001374853,2274.626727259424,7.673701008387457,0.4694144881331836,6.44852592414114,308.4203047514735
2024-01-26 03:00:00,15.0,10.0,1163.7467064177004,2205.060549899199,7.277356032389924,0.48161922687703096,6.492143670078794,309.21004038552536
2024-01-26 04:00:00,15.0,10.0,1163.4108862905152,2287.685892780951,7.186110905215024,0.4668698641232193,6.4381908436401645,308.84478012929003
2024-01-26 05:00:00,15.0,10.0,1191.2595994351298,2322.8823411603607,7.242726055049173,0.46429857710618205,6.465547924998635,308.0213410573671
2024-01-26 06:00:00,15.0,10.0,1196.7753958896596,2294.123877124583,7.486999975671965,0.4526456878184582,6.422563744997048,308.15442265334843
2024-01-26 07:00:00,15.0,10.0,1189.8194053490229,2210.6138002651,7.4626653572034805,0.48519515164229543,6.3644783052714295,308.5938531283919
2024-01-26 08:00:00,15.0,10.0,1140.104224011046,2280.3326911233394,7.403853517552689,0.47558395314147717,6.34323912231345,308.71106400991744
2024-01-26 09:00:00,15.0,10.0,1193.3722597856372,2323.1924890360874,7.2224416712979735,0.4742346167473729,6.302866773930556,307.9782321405871
2024-01-26 10:00:00,15.0,10.0,1157.1614482547943,2206.7086527704228,7.501302288724807,0.4753475730924929,6.180318300886283,308.16708885786227
2024-01-26 11:00:00,15.0,10.0,1188.2481322891629,2247.4245600373265,7.206627882960701,0.4710668441073972,6.213811512719415,308.30030740338225
2024-01-26 12:00:00,15.0,10.0,1150.1846554121107,2341.4414887217295,7.55837677810725,0.46288967004633286,6.300025972851501,308.4269381601394
2024-01-26 13:00:00,15.0,10.0,1195.814447447537,2318.177078562175,7.808843860991374,0.46320074578360343,6.367243837948074,308.0834617789943
2024-01-26 14:00:00,15.0,10.0,1167.5475468471382,2329.6704388684448,7.4403747565441405,0.46040295492559785,6.520117189709103,308.0899573774656
2024-01-26 15:00:00,15.0,10.0,1157.77547086634,2401.9319223775037,7.471900332913303,0.4885700461014603,6.333015081031164,308.8399161648772
2024-01-26 16:00:00,15.0,10.0,1206.9126441993255,2342.9744918052725,7.312483532521262,0.4690973944500585,6.466325123160056,308.7547603512214
2024-01-26 17:00:00,15.0,10.0,1197.4439655573697,2357.468244820858,7.1174282629899945,0.45954487267345456,6.476715836726306,308.388705286718
2024-01-26 18:00:00,15.0,10.0,1178.8726965219983,2459.1383980091755,7.295277579189084,0.4681536581093737,6.311242054790126,309.00955453501143
2024-01-26 19:00:00,15.0,10.0,1230.1446425945257,2328.6604249978377,7.222394057143641,0.45452059339116313,6.416717371376877,307.95677711888675
2024-01-26 20:00:00,15.0,10.0,1186.88285112566,2307.376166075368,7.169610498230255,0.4779991831791452,6.311082585254124,308.9614867243147
2024-01-26 21:00:00,15.0,10.0,1200.2534783497106,2371.1652061443615,7.637093828961415,0.45810461678496056,6.510338252366846,308.42125772176774
2024-01-26 22:00:00,15.0,10.0,1208.045334018704,2378.106788259081,7.422559740108393,0.46917016188557864,6.423914042894682,309.7855130611073
2024-01-26 23:00:00,15.0,10.0,1188.8096180687817,2338.9511003747207,7.437824991927148,0.47476058205053767,6.1928046138582165,307.5537590366087
2024-01-27 00:00:00,15.0,10.0,1217.2741738240702,2321.4194183267346,7.335649860718504,0.4688254156421512,6.364924019212819,307.8053273738913
2024-01-27 01:00:00,15.0,10.0,1195.2372310667836,2486.728709962917,7.3552545541822925,0.4665768018054362,6.554129923815984,308.35939891410027
2024-01-27 02:00:00,15.0,10.0,1200.403996633089,2399.0975004885536,7.5226543708492075,0.4663032292405713,6.322520123923738,308.3486170264895
2024-01-27 03:00:00,15.0,10.0,1245.6790654561107,2355.12677794468,7.37502208967724,0.46623234952200665,6.402859208851786,309.1250694920875
2024-01-27 04:00:00,15.0,10.0,1189.625549310261,2440.660304818565,7.45763771214127,0.46197394022348526,6.415818499647797,307.8158126583502
2024-01-27 05:00:00,15.0,10.0,1158.4628881814006,2398.1282284794956,7.349915027845466,0.46380856950289084,6.215416534466956,308.6024592593469
2024-01-27 06:00:00,15.0,10.0,1258.7868310518265,2397.7910526649225,7.327883176547878,0.4825810464196622,6.412296955735106,308.73123150234096
2024-01-27 07:00:00,15.0,10.0,1284.0910538620399,2443.7367666047817,7.170312370735982,0.46842878226847545,6.170944039637903,308.5023239161103
2024-01-27 08:00:00,15.0,10.0,1214.1733971056954,2360.5033457691675,7.085646816421154,0.4628341976905299,6.268891919790616,307.6695018290378
2024-01-27 09:00:00,15.0,10.0,1178.8844646770724,2446.755428096846,7.338427060542579,0.4661743450192993,6.485320858620677,308.85387940262706
2024-01-27 10:00:00,15.0,10.0,1221.0504913231075,2529.2858233514844,7.384916844630289,0.48227324667158233,6.394423331685745,308.7646624656577
2024-01-27 11:00:00,15.0,10.0,1223.914028051943,2465.266724459776,7.186419861409811,0.4791605213912675,6.310830811424539,308.44979225989516
2024-01-27 12:00:00,15.0,10.0,1228.5454575164613,2430.4210534568842,7.370648307726232,0.47899757733508924,6.406555766881217,308.25217384360445
2024-01-27 13:00:00,15.0,10.0,1207.9744232750695,2430.2369362630316,7.383251111190993,0.4721924929727784,6.342570321394995,308.2630540050222
2024-01-27 14:00:00,15.0,10.0,1252.0738495082653,2441.1614175905693,7.056911269666493,0.4810687686568285,6.352131867758315,308.1106321038803
2024-01-27 15:00:00,15.0,10.0,1252.9590371217198,2454.9825776587572,7.239551758667519,0.4704862436437437,6.434280080303476,308.4703925671263
2024-01-27 16:00:00,15.0,10.0,1205.032848363777,2454.9066637834717,7.434201558301001,0.47517422110580076,6.258766155328094,308.1655674264725
2024-01-27 17:00:00,15.0,10.0,1261.7473660926803,2525.045986052014,7.430840145699341,0.48799899334883506,6.356575972494009,307.72573751232363
2024-01-27 18:00:00,15.0,10.0,1297.6884264418845,2399.374797228498,7.2032582980752,0.4881878302634793,6.312064549115979,307.62570417758616
2024-01-27 19:00:00,15.0,10.0,1252.9558513476231,2534.3361105616054,7.39639060282605,0.4714625904944977,6.150568044444638,307.77398187317385
2024-01-27 20:00:00,15.0,10.0,1242.3484877008525,2478.192680205957,7.523428788272585,0.4737902370054365,6.235322243639883,308.2610661212747
2024-01-27 21:00:00,15.0,10.0,1249.3319433393929,2521.7139214499034,7.486901437650832,0.4842421500392476,6.551750435377182,308.13652208178235
2024-01-27 22:00:00,15.0,10.0,1270.413455615119,2451.913003600236,7.35793698830473,0.5010879831538033,6.4016278047170605,308.25767189664435
2024-01-27 23:00:00,15.0,10.0,1213.518368182208,2580.781428246073,7.302659453759706,0.4669589508635905,6.1847995808165335,308.40040656677303
2024-01-28 00:00:00,15.0,10.0,1263.202183729634,2582.186897406279,7.278548749017002,0.4894858016559596,6.157468173021365,307.8363395370415
2024-01-28 01:00:00,15.0,10.0,1251.2251089511694,2573.2366000315346,7.439980576780286,0.474579100151307,6.33914713636885,308.88283008417267
2024-01-28 02:00:00,15.0,10.0,1309.7382260278578,2453.410607158234,7.399466303337155,0.4830540317219868,6.551981638011327,308.01614458647623
2024-01-28 03:00:00,15.0,10.0,1260.6161688029433,2577.2947265992593,7.4631822910806696,0.4869547980044558,6.330056412026446,307.93328650760924
2024-01-28 04:00:00,15.0,10.0,1309.2247237420997,2560.9367056290484,7.389546313726636,0.48767950499423335,6.520063406396428,308.3911931186662
2024-01-28 05:00:00,15.0,10.0,1240.8664544091762,2463.677413467099,7.490502217837641,0.4878530737005012,6.398868736992249,307.23174489881245
2024-01-28 06:00:00,15.0,10.0,1285.6930772299293,2549.1095682644977,7.3834796071373185,0.4945061120064659,6.4141996406409945,307.7547327751385
2024-01-28 07:00:00,15.0,10.0,1280.7644153769065,2573.8482310079876,7.484913742329001,0.49045978574606763,6.184712630098626,308.6405363993459
2024-01-28 08:00:00,15.0,10.0,1252.3265539611125,2588.4804599105823,7.49733495190406,0.48257338915463543,6.473771567595068,307.28128903546894
2024-01-28 09:00:00,15.0,10.0,1280.8261261771133,2573.8133613474265,7.2501636198912705,0.5062487124949121,6.31219529346757,308.70878709846653
2024-01-28 10:00:00,15.0,10.0,1309.0884267286203,2584.3199328509513,7.102008445526655,0.5073737702120784,6.464598215875661,308.90556828317955
2024-01-28 11:00:00,15.0,10.0,1271.57887830607,2649.7697583742047,7.59567885162731,0.5096861451750085,6.251550190766909,307.9652723310881
2024-01-28 12:00:00,15.0,10.0,1238.247921977082,2641.6151022674,7.405798942084852,0.48714362558982793,6.377659858812385,308.29590638371315
2024-01-28 13:00:00,15.0,10.0,1282.8929670835948,2434.6959824866567,7.115100754759585,0.5070556434888246,6.400016499510632,308.7095435424255
2024-01-28 14:00:00,15.0,10.0,1261.8547745291048,2570.7022829363996,7.262323166621245,0.5122974402511102,6.3358090893309225,307.9166054059782
2024-01-28 15:00:00,15.0,10.0,1277.9195919510892,2582.8517326487945,7.481008233058985,0.49644183777922235,6.406917063903353,308.58388776026305
2024-01-28 16:00:00,15.0,10.0,1286.2867015467111,2504.6170462562227,7.325844855699895,0.5084320129064032,6.321735296039585,307.81442560243465
2024-01-28 17:00:00,15.0,10.0,1246.019749586396,2604.582600291774,7.291389133942931,0.5086059172211971,6.273190189759203,307.91119885333336
2024-01-28 18:00:00,15.0,10.0,1249.9051258146128,2668.7589604694413,7.5730167161897475,0.5300895843879557,6.559869254981618,307.7503317678375
2024-01-28 19:00:00,15.0,10.0,1305.7049039100627,2551.0371911606194,7.2121180811222665,0.5324594159850649,6.489215052891759,308.3213235995974
2024-01-28 20:00:00,15.0,10.0,1281.2729227996679,2629.1851226085055,7.248622206553274,0.49708820997682135,6.259237660643443,308.7289845262828
2024-01-28 21:00:00,15.0,10.0,1229.864629855446,2567.5493970192647,7.39715205606293,0.5414148454072515,6.428298391231207,308.0579435339414
2024-01-28 22:00:00,15.0,10.0,1318.265487845488,2584.0329146778618,7.423336501807196,0.5077221155316746,6.261701513447171,307.5143754200438
2024-01-28 23:00:00,15.0,10.0,1306.4818246700293,2700.443933072027,7.438743618101942,0.5288661062145761,6.205582457633444,307.6086465888566
2024-01-29 00:00:00,15.0,10.0,1282.3206069583669,2598.087302773569,7.499673705124797,0.5303008148253306,6.487674798327378,308.34729971068526
2024-01-29 01:00:00,15.0,10.0,1268.0649915968022,2654.4875223693703,7.394510394684879,0.5113320136256437,6.139680216858157,309.07205820669714
2024-01-29 02:00:00,15.0,10.0,1325.6107419675059,2535.132348817365,7.437168277438927,0.5284077783927984,6.47420622263789,308.34686249965716
2024-01-29 03:00:00,15.0,10.0,1314.3674305398563,2735.384125599019,7.326726644147111,0.523647623100876,6.324307159845906,307.95655172467434
2024-01-29 04:00:00,15.0,10.0,1368.9252547685185,2672.389751842159,7.373973151535245,0.5321475839649906,6.329596777202976,308.5330919834251
2024-01-29 05:00:00,15.0,10.0,1319.046515543633,2634.257620142163,7.380410986458356,0.5302896441614872,6.408635208549825,308.0302506822066
2024-01-29 06:00:00,15.0,10.0,1319.5824213806316,2677.667112908822,7.39609131693053,0.5420683609287636,6.4304820476244355,307.96085739131786
2024-01-29 07:00:00,15.0,10.0,1306.4096368115054,2575.694117626124,7.47803480657749,0.5317541365205406,6.251585416325027,307.67077044715234
2024-01-29 08:00:00,15.0,10.0,1333.55865009986,2716.361611809609,7.445859038939727,0.5307221692450144,6.447933238981451,308.85422442212314
2024-01-29 09:00:00,15.0,10.0,1329.8655221127096,2639.5087694658732,7.37045660561767,0.545778511160129,6.371142709562032,306.88039604125214
2024-01-29 10:00:00,15.0,10.0,1347.6624897522383,2648.935608863219,7.24463117919293,0.5418535820133403,6.197081698279993,308.5489296001396
2024-01-29 11:00:00,15.0,10.0,1302.3126928048566,2636.6227279475825,7.373616915196849,0.5450673808726587,6.335213116025958,307.9181275311012
2024-01-29 12:00:00,15.0,10.0,1305.8317378582597,2634.812234022965,7.359382547237318,0.5316156785625822,6.532459859279848,307.9448296342742
2024-01-29 13:00:00,15.0,10.0,1305.920404096039,2705.7597497871297,7.391819120019743,0.5290562435049946,6.570043051081153,308.9961575780589
2024-01-29 14:00:00,15.0,10.0,1340.6639664090394,2685.21887550482,7.688177044474996,0.5357776038020341,6.448122233411595,307.79293445389993
2024-01-29 15:00:00,15.0,10.0,1360.5962846248995,2709.219645469965,7.285968934194052,0.5367636640256562,6.205614343285021,307.8099654229858
2024-01-29 16:00:00,15.0,10.0,1310.0779557693315,2676.65440863632,7.425156609870663,0.5536669332519044,6.419361824420508,308.0848028805402
2024-01-29 17:00:00,15.0,10.0,1312.1554833892378,2707.349787446728,7.520181535593538,0.557352877991107,6.465196658467876,308.3569236929061
2024-01-29 18:00:00,15.0,10.0,1332.8897504696527,2660.044683486003,7.377149666852648,0.5465687550042956,6.44931594924914,307.9290721088535
2024-01-29 19:00:00,15.0,10.0,1319.20870429489,2804.885603470168,7.706848591846256,0.5655957117502877,6.456879132350822,307.36307053473206
2024-01-29 20:00:00,15.0,10.0,1352.1301529329367,2603.4411605417067,7.306810789291665,0.5665438801175923,6.403294300827315,307.7171509095591
2024-01-29 21:00:00,15.0,10.0,1268.1836554665906,2758.107342939751,7.41008115048053,0.5557359628075665,6.347930455545304,308.7906669282322
2024-01-29 22:00:00,15.0,10.0,1307.1253152609233,2766.425794312385,7.244625311085644,0.5455206314415101,6.2798157934046746,308.18738839456773
2024-01-29 23:00:00,15.0,10.0,1309.3811939111629,2649.274249363709,7.310373807600971,0.5737580659951551,6.115882952568411,308.3755436418519
2024-01-30 00:00:00,15.0,10.0,1269.497090335703,2817.8943824574185,7.398676578301745,0.557147445454179,6.400405360975031,308.01928939641346
2024-01-30 01:00:00,15.0,10.0,1306.6669843758054,2753.7456313815883,7.486524277373388,0.5608359965545588,6.3809053436840255,307.82025115191334
2024-01-30 02:00:00,15.0,10.0,1308.9926939885179,2754.805352652396,7.408792879479648,0.5572104806576139,6.428170784035646,308.98878472493766
2024-01-30 03:00:00,15.0,10.0,1329.0700711888815,2706.124552951001,7.547092103204558,0.5526055487214356,6.187241940909447,308.05590407147446
2024-01-30 04:00:00,15.0,10.0,1365.1894328590988,2695.099945851474,7.347624401325487,0.54764204846858,6.439345229777876,307.9283150602364
2024-01-30 05:00:00,15.0,10.0,1329.9247946016371,2697.7269928861847,7.312602126844444,0.572972956390222,6.618591585843438,308.69807118317766
2024-01-30 06:00:00,15.0,10.0,1309.9003743580965,2732.425285267677,7.75951323746759,0.5585174764954595,6.367365308980853,307.7888198205663
2024-01-30 07:00:00,15.0,10.0,1336.935389254439,2789.4269738090475,7.419357479292913,0.6038211883891903,6.349579021891772,307.85263632811296
2024-01-30 08:00:00,15.0,10.0,1367.5390126530685,2725.337766888067,7.255296935099081,0.5582045040578449,6.396738635839121,308.15512334200844
2024-01-30 09:00:00,15.0,10.0,1314.2300318907714,2668.0200518474303,7.258919620879321,0.5578038840527396,6.615890340015686,308.15013505204405
2024-01-30 10:00:00,15.0,10.0,1316.9134161255324,2764.43279210895,7.2222593950047065,0.579640923278091,6.227353379325102,308.27980567395156
2024-01-30 11:00:00,15.0,10.0,1357.2713043480405,2771.7290345354413,7.4988347317405815,0.5929778312727094,6.383379962672465,309.19583454469773
2024-01-30 12:00:00,15.0,10.0,1337.2487627031626,2759.214036526429,7.307225267442103,0.5777156523955649,6.2558968346695565,308.3181241231762
2024-01-30 13:00:00,15.0,10.0,1361.5173049287107,2766.1228444151734,7.379533449443614,0.5851816911715428,6.288054955461719,306.9609730186246
2024-01-30 14:00:00,15.0,10.0,1344.643916289922,2712.6068880623943,7.351351747902543,0.5587578672349863,6.351336503504578,308.31314947171575
2024-01-30 15:00:00,15.0,10.0,1364.786277891506,2678.54413208075,7.46830490152889,0.5738525539802259,6.5289942626227715,308.16893999724476
2024-01-30 16:00:00,15.0,10.0,1318.8949630880102,2683.667193751771,7.235890863726102,0.5707949224645338,6.586717346236529,308.1717250121757
2024-01-30 17:00:00,15.0,10.0,1347.3146795573075,2643.504188319881,7.202128696066842,0.5627348699132808,6.414734719342387,308.27297365469803
2024-01-30 18:00:00,15.0,10.0,1342.8120205914315,2747.6302612006057,7.39340483473637,0.5878564718687104,6.309903691377948,308.1356608561626
2024-01-30 19:00:00,15.0,10.0,1316.5242701775842,2731.849649251562,7.448776597856806,0.5616848231907929,6.674798042244285,308.1236939534723
2024-01-30 20:00:00,15.0,10.0,1307.9500559117582,2714.0385930284865,7.409188525179017,0.5740476907906205,6.3035043948717036,308.4565221048854
2024-01-30 21:00:00,15.0,10.0,1369.5194051365984,2577.864370517696,7.241011842901011,0.5848625960102732,6.285289099962819,307.8789596014027
2024-01-30 22:00:00,15.0,10.0,1342.3130259496425,2673.0919538684107,7.459822484092517,0.5829310487734289,6.132257554121327,307.67615683218037
2024-01-30 23:00:00,15.0,10.0,1324.9470058540855,2804.6064003664483,7.25052934034559,0.5990681962681139,6.535530437599623,309.6618907263112
